datetime,count
2011/1/20,0
2011/1/20,0
2011/1/20,0
2011/1/20,0
2011/1/20,0
2011/1/20,0
2011/1/20,0
2011/1/20,0
2011/1/20,0
2011/1/20,0
2011/1/20,0
2011/1/20,0
2011/1/20,0
2011/1/20,0
2011/1/20,0
2011/1/20,0
2011/1/20,0
2011/1/20,0
2011/1/20,0
2011/1/20,0
2011/1/20,0
2011/1/20,0
2011/1/20,0
2011/1/20,0
2011/1/21,0
2011/1/21,0
2011/1/21,0
2011/1/21,0
2011/1/21,0
2011/1/21,0
2011/1/21,0
2011/1/21,0
2011/1/21,0
2011/1/21,0
2011/1/21,0
2011/1/21,0
2011/1/21,0
2011/1/21,0
2011/1/21,0
2011/1/21,0
2011/1/21,0
2011/1/21,0
2011/1/21,0
2011/1/21,0
2011/1/21,0
2011/1/21,0
2011/1/21,0
2011/1/21,0
2011/1/22,0
2011/1/22,0
2011/1/22,0
2011/1/22,0
2011/1/22,0
2011/1/22,0
2011/1/22,0
2011/1/22,0
2011/1/22,0
2011/1/22,0
2011/1/22,0
2011/1/22,0
2011/1/22,0
2011/1/22,0
2011/1/22,0
2011/1/22,0
2011/1/22,0
2011/1/22,0
2011/1/22,0
2011/1/22,0
2011/1/22,0
2011/1/22,0
2011/1/22,0
2011/1/23,0
2011/1/23,0
2011/1/23,0
2011/1/23,0
2011/1/23,0
2011/1/23,0
2011/1/23,0
2011/1/23,0
2011/1/23,0
2011/1/23,0
2011/1/23,0
2011/1/23,0
2011/1/23,0
2011/1/23,0
2011/1/23,0
2011/1/23,0
2011/1/23,0
2011/1/23,0
2011/1/23,0
2011/1/23,0
2011/1/23,0
2011/1/23,0
2011/1/23,0
2011/1/24,0
2011/1/24,0
2011/1/24,0
2011/1/24,0
2011/1/24,0
2011/1/24,0
2011/1/24,0
2011/1/24,0
2011/1/24,0
2011/1/24,0
2011/1/24,0
2011/1/24,0
2011/1/24,0
2011/1/24,0
2011/1/24,0
2011/1/24,0
2011/1/24,0
2011/1/24,0
2011/1/24,0
2011/1/24,0
2011/1/24,0
2011/1/24,0
2011/1/24,0
2011/1/25,0
2011/1/25,0
2011/1/25,0
2011/1/25,0
2011/1/25,0
2011/1/25,0
2011/1/25,0
2011/1/25,0
2011/1/25,0
2011/1/25,0
2011/1/25,0
2011/1/25,0
2011/1/25,0
2011/1/25,0
2011/1/25,0
2011/1/25,0
2011/1/25,0
2011/1/25,0
2011/1/25,0
2011/1/25,0
2011/1/25,0
2011/1/25,0
2011/1/25,0
2011/1/26,0
2011/1/26,0
2011/1/26,0
2011/1/26,0
2011/1/26,0
2011/1/26,0
2011/1/26,0
2011/1/26,0
2011/1/26,0
2011/1/26,0
2011/1/26,0
2011/1/26,0
2011/1/26,0
2011/1/26,0
2011/1/26,0
2011/1/26,0
2011/1/27,0
2011/1/27,0
2011/1/27,0
2011/1/27,0
2011/1/27,0
2011/1/27,0
2011/1/27,0
2011/1/27,0
2011/1/28,0
2011/1/28,0
2011/1/28,0
2011/1/28,0
2011/1/28,0
2011/1/28,0
2011/1/28,0
2011/1/28,0
2011/1/28,0
2011/1/28,0
2011/1/28,0
2011/1/28,0
2011/1/28,0
2011/1/28,0
2011/1/28,0
2011/1/28,0
2011/1/28,0
2011/1/28,0
2011/1/28,0
2011/1/28,0
2011/1/28,0
2011/1/28,0
2011/1/28,0
2011/1/29,0
2011/1/29,0
2011/1/29,0
2011/1/29,0
2011/1/29,0
2011/1/29,0
2011/1/29,0
2011/1/29,0
2011/1/29,0
2011/1/29,0
2011/1/29,0
2011/1/29,0
2011/1/29,0
2011/1/29,0
2011/1/29,0
2011/1/29,0
2011/1/29,0
2011/1/29,0
2011/1/29,0
2011/1/29,0
2011/1/29,0
2011/1/29,0
2011/1/29,0
2011/1/30,0
2011/1/30,0
2011/1/30,0
2011/1/30,0
2011/1/30,0
2011/1/30,0
2011/1/30,0
2011/1/30,0
2011/1/30,0
2011/1/30,0
2011/1/30,0
2011/1/30,0
2011/1/30,0
2011/1/30,0
2011/1/30,0
2011/1/30,0
2011/1/30,0
2011/1/30,0
2011/1/30,0
2011/1/30,0
2011/1/30,0
2011/1/30,0
2011/1/30,0
2011/1/31,0
2011/1/31,0
2011/1/31,0
2011/1/31,0
2011/1/31,0
2011/1/31,0
2011/1/31,0
2011/1/31,0
2011/1/31,0
2011/1/31,0
2011/1/31,0
2011/1/31,0
2011/1/31,0
2011/1/31,0
2011/1/31,0
2011/1/31,0
2011/1/31,0
2011/1/31,0
2011/1/31,0
2011/1/31,0
2011/1/31,0
2011/1/31,0
2011/1/31,0
2011/1/31,0
2011/2/20,0
2011/2/20,0
2011/2/20,0
2011/2/20,0
2011/2/20,0
2011/2/20,0
2011/2/20,0
2011/2/20,0
2011/2/20,0
2011/2/20,0
2011/2/20,0
2011/2/20,0
2011/2/20,0
2011/2/20,0
2011/2/20,0
2011/2/20,0
2011/2/20,0
2011/2/20,0
2011/2/20,0
2011/2/20,0
2011/2/20,0
2011/2/20,0
2011/2/20,0
2011/2/21,0
2011/2/21,0
2011/2/21,0
2011/2/21,0
2011/2/21,0
2011/2/21,0
2011/2/21,0
2011/2/21,0
2011/2/21,0
2011/2/21,0
2011/2/21,0
2011/2/21,0
2011/2/21,0
2011/2/21,0
2011/2/21,0
2011/2/21,0
2011/2/21,0
2011/2/21,0
2011/2/21,0
2011/2/21,0
2011/2/21,0
2011/2/21,0
2011/2/21,0
2011/2/21,0
2011/2/22,0
2011/2/22,0
2011/2/22,0
2011/2/22,0
2011/2/22,0
2011/2/22,0
2011/2/22,0
2011/2/22,0
2011/2/22,0
2011/2/22,0
2011/2/22,0
2011/2/22,0
2011/2/22,0
2011/2/22,0
2011/2/22,0
2011/2/22,0
2011/2/22,0
2011/2/22,0
2011/2/23,0
2011/2/23,0
2011/2/23,0
2011/2/23,0
2011/2/23,0
2011/2/23,0
2011/2/23,0
2011/2/23,0
2011/2/23,0
2011/2/23,0
2011/2/23,0
2011/2/23,0
2011/2/23,0
2011/2/23,0
2011/2/23,0
2011/2/23,0
2011/2/23,0
2011/2/23,0
2011/2/23,0
2011/2/23,0
2011/2/23,0
2011/2/23,0
2011/2/23,0
2011/2/24,0
2011/2/24,0
2011/2/24,0
2011/2/24,0
2011/2/24,0
2011/2/24,0
2011/2/24,0
2011/2/24,0
2011/2/24,0
2011/2/24,0
2011/2/24,0
2011/2/24,0
2011/2/24,0
2011/2/24,0
2011/2/24,0
2011/2/24,0
2011/2/24,0
2011/2/24,0
2011/2/24,0
2011/2/24,0
2011/2/24,0
2011/2/24,0
2011/2/24,0
2011/2/25,0
2011/2/25,0
2011/2/25,0
2011/2/25,0
2011/2/25,0
2011/2/25,0
2011/2/25,0
2011/2/25,0
2011/2/25,0
2011/2/25,0
2011/2/25,0
2011/2/25,0
2011/2/25,0
2011/2/25,0
2011/2/25,0
2011/2/25,0
2011/2/25,0
2011/2/25,0
2011/2/25,0
2011/2/25,0
2011/2/25,0
2011/2/25,0
2011/2/25,0
2011/2/26,0
2011/2/26,0
2011/2/26,0
2011/2/26,0
2011/2/26,0
2011/2/26,0
2011/2/26,0
2011/2/26,0
2011/2/26,0
2011/2/26,0
2011/2/26,0
2011/2/26,0
2011/2/26,0
2011/2/26,0
2011/2/26,0
2011/2/26,0
2011/2/26,0
2011/2/26,0
2011/2/26,0
2011/2/26,0
2011/2/26,0
2011/2/26,0
2011/2/26,0
2011/2/26,0
2011/2/27,0
2011/2/27,0
2011/2/27,0
2011/2/27,0
2011/2/27,0
2011/2/27,0
2011/2/27,0
2011/2/27,0
2011/2/27,0
2011/2/27,0
2011/2/27,0
2011/2/27,0
2011/2/27,0
2011/2/27,0
2011/2/27,0
2011/2/27,0
2011/2/27,0
2011/2/27,0
2011/2/27,0
2011/2/27,0
2011/2/27,0
2011/2/27,0
2011/2/27,0
2011/2/28,0
2011/2/28,0
2011/2/28,0
2011/2/28,0
2011/2/28,0
2011/2/28,0
2011/2/28,0
2011/2/28,0
2011/2/28,0
2011/2/28,0
2011/2/28,0
2011/2/28,0
2011/2/28,0
2011/2/28,0
2011/2/28,0
2011/2/28,0
2011/2/28,0
2011/2/28,0
2011/2/28,0
2011/2/28,0
2011/2/28,0
2011/2/28,0
2011/3/20,0
2011/3/20,0
2011/3/20,0
2011/3/20,0
2011/3/20,0
2011/3/20,0
2011/3/20,0
2011/3/20,0
2011/3/20,0
2011/3/20,0
2011/3/20,0
2011/3/20,0
2011/3/20,0
2011/3/20,0
2011/3/20,0
2011/3/20,0
2011/3/20,0
2011/3/20,0
2011/3/20,0
2011/3/20,0
2011/3/20,0
2011/3/20,0
2011/3/20,0
2011/3/20,0
2011/3/21,0
2011/3/21,0
2011/3/21,0
2011/3/21,0
2011/3/21,0
2011/3/21,0
2011/3/21,0
2011/3/21,0
2011/3/21,0
2011/3/21,0
2011/3/21,0
2011/3/21,0
2011/3/21,0
2011/3/21,0
2011/3/21,0
2011/3/21,0
2011/3/21,0
2011/3/21,0
2011/3/21,0
2011/3/21,0
2011/3/21,0
2011/3/21,0
2011/3/21,0
2011/3/22,0
2011/3/22,0
2011/3/22,0
2011/3/22,0
2011/3/22,0
2011/3/22,0
2011/3/22,0
2011/3/22,0
2011/3/22,0
2011/3/22,0
2011/3/22,0
2011/3/22,0
2011/3/22,0
2011/3/22,0
2011/3/22,0
2011/3/22,0
2011/3/22,0
2011/3/22,0
2011/3/22,0
2011/3/22,0
2011/3/22,0
2011/3/22,0
2011/3/22,0
2011/3/22,0
2011/3/23,0
2011/3/23,0
2011/3/23,0
2011/3/23,0
2011/3/23,0
2011/3/23,0
2011/3/23,0
2011/3/23,0
2011/3/23,0
2011/3/23,0
2011/3/23,0
2011/3/23,0
2011/3/23,0
2011/3/23,0
2011/3/23,0
2011/3/23,0
2011/3/23,0
2011/3/23,0
2011/3/23,0
2011/3/23,0
2011/3/23,0
2011/3/23,0
2011/3/23,0
2011/3/24,0
2011/3/24,0
2011/3/24,0
2011/3/24,0
2011/3/24,0
2011/3/24,0
2011/3/24,0
2011/3/24,0
2011/3/24,0
2011/3/24,0
2011/3/24,0
2011/3/24,0
2011/3/24,0
2011/3/24,0
2011/3/24,0
2011/3/24,0
2011/3/24,0
2011/3/24,0
2011/3/24,0
2011/3/24,0
2011/3/24,0
2011/3/24,0
2011/3/24,0
2011/3/24,0
2011/3/25,0
2011/3/25,0
2011/3/25,0
2011/3/25,0
2011/3/25,0
2011/3/25,0
2011/3/25,0
2011/3/25,0
2011/3/25,0
2011/3/25,0
2011/3/25,0
2011/3/25,0
2011/3/25,0
2011/3/25,0
2011/3/25,0
2011/3/25,0
2011/3/25,0
2011/3/25,0
2011/3/25,0
2011/3/25,0
2011/3/25,0
2011/3/25,0
2011/3/25,0
2011/3/25,0
2011/3/26,0
2011/3/26,0
2011/3/26,0
2011/3/26,0
2011/3/26,0
2011/3/26,0
2011/3/26,0
2011/3/26,0
2011/3/26,0
2011/3/26,0
2011/3/26,0
2011/3/26,0
2011/3/26,0
2011/3/26,0
2011/3/26,0
2011/3/26,0
2011/3/26,0
2011/3/26,0
2011/3/26,0
2011/3/26,0
2011/3/26,0
2011/3/26,0
2011/3/26,0
2011/3/26,0
2011/3/27,0
2011/3/27,0
2011/3/27,0
2011/3/27,0
2011/3/27,0
2011/3/27,0
2011/3/27,0
2011/3/27,0
2011/3/27,0
2011/3/27,0
2011/3/27,0
2011/3/27,0
2011/3/27,0
2011/3/27,0
2011/3/27,0
2011/3/27,0
2011/3/27,0
2011/3/27,0
2011/3/27,0
2011/3/27,0
2011/3/27,0
2011/3/27,0
2011/3/27,0
2011/3/28,0
2011/3/28,0
2011/3/28,0
2011/3/28,0
2011/3/28,0
2011/3/28,0
2011/3/28,0
2011/3/28,0
2011/3/28,0
2011/3/28,0
2011/3/28,0
2011/3/28,0
2011/3/28,0
2011/3/28,0
2011/3/28,0
2011/3/28,0
2011/3/28,0
2011/3/28,0
2011/3/28,0
2011/3/28,0
2011/3/28,0
2011/3/28,0
2011/3/28,0
2011/3/29,0
2011/3/29,0
2011/3/29,0
2011/3/29,0
2011/3/29,0
2011/3/29,0
2011/3/29,0
2011/3/29,0
2011/3/29,0
2011/3/29,0
2011/3/29,0
2011/3/29,0
2011/3/29,0
2011/3/29,0
2011/3/29,0
2011/3/29,0
2011/3/29,0
2011/3/29,0
2011/3/29,0
2011/3/29,0
2011/3/29,0
2011/3/29,0
2011/3/29,0
2011/3/29,0
2011/3/30,0
2011/3/30,0
2011/3/30,0
2011/3/30,0
2011/3/30,0
2011/3/30,0
2011/3/30,0
2011/3/30,0
2011/3/30,0
2011/3/30,0
2011/3/30,0
2011/3/30,0
2011/3/30,0
2011/3/30,0
2011/3/30,0
2011/3/30,0
2011/3/30,0
2011/3/30,0
2011/3/30,0
2011/3/30,0
2011/3/30,0
2011/3/30,0
2011/3/30,0
2011/3/30,0
2011/3/31,0
2011/3/31,0
2011/3/31,0
2011/3/31,0
2011/3/31,0
2011/3/31,0
2011/3/31,0
2011/3/31,0
2011/3/31,0
2011/3/31,0
2011/3/31,0
2011/3/31,0
2011/3/31,0
2011/3/31,0
2011/3/31,0
2011/3/31,0
2011/3/31,0
2011/3/31,0
2011/3/31,0
2011/3/31,0
2011/3/31,0
2011/3/31,0
2011/3/31,0
2011/3/31,0
2011/4/20,0
2011/4/20,0
2011/4/20,0
2011/4/20,0
2011/4/20,0
2011/4/20,0
2011/4/20,0
2011/4/20,0
2011/4/20,0
2011/4/20,0
2011/4/20,0
2011/4/20,0
2011/4/20,0
2011/4/20,0
2011/4/20,0
2011/4/20,0
2011/4/20,0
2011/4/20,0
2011/4/20,0
2011/4/20,0
2011/4/20,0
2011/4/20,0
2011/4/20,0
2011/4/20,0
2011/4/21,0
2011/4/21,0
2011/4/21,0
2011/4/21,0
2011/4/21,0
2011/4/21,0
2011/4/21,0
2011/4/21,0
2011/4/21,0
2011/4/21,0
2011/4/21,0
2011/4/21,0
2011/4/21,0
2011/4/21,0
2011/4/21,0
2011/4/21,0
2011/4/21,0
2011/4/21,0
2011/4/21,0
2011/4/21,0
2011/4/21,0
2011/4/21,0
2011/4/21,0
2011/4/21,0
2011/4/22,0
2011/4/22,0
2011/4/22,0
2011/4/22,0
2011/4/22,0
2011/4/22,0
2011/4/22,0
2011/4/22,0
2011/4/22,0
2011/4/22,0
2011/4/22,0
2011/4/22,0
2011/4/22,0
2011/4/22,0
2011/4/22,0
2011/4/22,0
2011/4/22,0
2011/4/22,0
2011/4/22,0
2011/4/22,0
2011/4/22,0
2011/4/22,0
2011/4/22,0
2011/4/22,0
2011/4/23,0
2011/4/23,0
2011/4/23,0
2011/4/23,0
2011/4/23,0
2011/4/23,0
2011/4/23,0
2011/4/23,0
2011/4/23,0
2011/4/23,0
2011/4/23,0
2011/4/23,0
2011/4/23,0
2011/4/23,0
2011/4/23,0
2011/4/23,0
2011/4/23,0
2011/4/23,0
2011/4/23,0
2011/4/23,0
2011/4/23,0
2011/4/23,0
2011/4/23,0
2011/4/23,0
2011/4/24,0
2011/4/24,0
2011/4/24,0
2011/4/24,0
2011/4/24,0
2011/4/24,0
2011/4/24,0
2011/4/24,0
2011/4/24,0
2011/4/24,0
2011/4/24,0
2011/4/24,0
2011/4/24,0
2011/4/24,0
2011/4/24,0
2011/4/24,0
2011/4/24,0
2011/4/24,0
2011/4/24,0
2011/4/24,0
2011/4/24,0
2011/4/24,0
2011/4/24,0
2011/4/24,0
2011/4/25,0
2011/4/25,0
2011/4/25,0
2011/4/25,0
2011/4/25,0
2011/4/25,0
2011/4/25,0
2011/4/25,0
2011/4/25,0
2011/4/25,0
2011/4/25,0
2011/4/25,0
2011/4/25,0
2011/4/25,0
2011/4/25,0
2011/4/25,0
2011/4/25,0
2011/4/25,0
2011/4/25,0
2011/4/25,0
2011/4/25,0
2011/4/25,0
2011/4/25,0
2011/4/25,0
2011/4/26,0
2011/4/26,0
2011/4/26,0
2011/4/26,0
2011/4/26,0
2011/4/26,0
2011/4/26,0
2011/4/26,0
2011/4/26,0
2011/4/26,0
2011/4/26,0
2011/4/26,0
2011/4/26,0
2011/4/26,0
2011/4/26,0
2011/4/26,0
2011/4/26,0
2011/4/26,0
2011/4/26,0
2011/4/26,0
2011/4/26,0
2011/4/26,0
2011/4/26,0
2011/4/26,0
2011/4/27,0
2011/4/27,0
2011/4/27,0
2011/4/27,0
2011/4/27,0
2011/4/27,0
2011/4/27,0
2011/4/27,0
2011/4/27,0
2011/4/27,0
2011/4/27,0
2011/4/27,0
2011/4/27,0
2011/4/27,0
2011/4/27,0
2011/4/27,0
2011/4/27,0
2011/4/27,0
2011/4/27,0
2011/4/27,0
2011/4/27,0
2011/4/27,0
2011/4/27,0
2011/4/27,0
2011/4/28,0
2011/4/28,0
2011/4/28,0
2011/4/28,0
2011/4/28,0
2011/4/28,0
2011/4/28,0
2011/4/28,0
2011/4/28,0
2011/4/28,0
2011/4/28,0
2011/4/28,0
2011/4/28,0
2011/4/28,0
2011/4/28,0
2011/4/28,0
2011/4/28,0
2011/4/28,0
2011/4/28,0
2011/4/28,0
2011/4/28,0
2011/4/28,0
2011/4/28,0
2011/4/28,0
2011/4/29,0
2011/4/29,0
2011/4/29,0
2011/4/29,0
2011/4/29,0
2011/4/29,0
2011/4/29,0
2011/4/29,0
2011/4/29,0
2011/4/29,0
2011/4/29,0
2011/4/29,0
2011/4/29,0
2011/4/29,0
2011/4/29,0
2011/4/29,0
2011/4/29,0
2011/4/29,0
2011/4/29,0
2011/4/29,0
2011/4/29,0
2011/4/29,0
2011/4/29,0
2011/4/29,0
2011/4/30,0
2011/4/30,0
2011/4/30,0
2011/4/30,0
2011/4/30,0
2011/4/30,0
2011/4/30,0
2011/4/30,0
2011/4/30,0
2011/4/30,0
2011/4/30,0
2011/4/30,0
2011/4/30,0
2011/4/30,0
2011/4/30,0
2011/4/30,0
2011/4/30,0
2011/4/30,0
2011/4/30,0
2011/4/30,0
2011/4/30,0
2011/4/30,0
2011/4/30,0
2011/4/30,0
2011/5/20,0
2011/5/20,0
2011/5/20,0
2011/5/20,0
2011/5/20,0
2011/5/20,0
2011/5/20,0
2011/5/20,0
2011/5/20,0
2011/5/20,0
2011/5/20,0
2011/5/20,0
2011/5/20,0
2011/5/20,0
2011/5/20,0
2011/5/20,0
2011/5/20,0
2011/5/20,0
2011/5/20,0
2011/5/20,0
2011/5/20,0
2011/5/20,0
2011/5/20,0
2011/5/20,0
2011/5/21,0
2011/5/21,0
2011/5/21,0
2011/5/21,0
2011/5/21,0
2011/5/21,0
2011/5/21,0
2011/5/21,0
2011/5/21,0
2011/5/21,0
2011/5/21,0
2011/5/21,0
2011/5/21,0
2011/5/21,0
2011/5/21,0
2011/5/21,0
2011/5/21,0
2011/5/21,0
2011/5/21,0
2011/5/21,0
2011/5/21,0
2011/5/21,0
2011/5/21,0
2011/5/21,0
2011/5/22,0
2011/5/22,0
2011/5/22,0
2011/5/22,0
2011/5/22,0
2011/5/22,0
2011/5/22,0
2011/5/22,0
2011/5/22,0
2011/5/22,0
2011/5/22,0
2011/5/22,0
2011/5/22,0
2011/5/22,0
2011/5/22,0
2011/5/22,0
2011/5/22,0
2011/5/22,0
2011/5/22,0
2011/5/22,0
2011/5/22,0
2011/5/22,0
2011/5/22,0
2011/5/22,0
2011/5/23,0
2011/5/23,0
2011/5/23,0
2011/5/23,0
2011/5/23,0
2011/5/23,0
2011/5/23,0
2011/5/23,0
2011/5/23,0
2011/5/23,0
2011/5/23,0
2011/5/23,0
2011/5/23,0
2011/5/23,0
2011/5/23,0
2011/5/23,0
2011/5/23,0
2011/5/23,0
2011/5/23,0
2011/5/23,0
2011/5/23,0
2011/5/23,0
2011/5/23,0
2011/5/23,0
2011/5/24,0
2011/5/24,0
2011/5/24,0
2011/5/24,0
2011/5/24,0
2011/5/24,0
2011/5/24,0
2011/5/24,0
2011/5/24,0
2011/5/24,0
2011/5/24,0
2011/5/24,0
2011/5/24,0
2011/5/24,0
2011/5/24,0
2011/5/24,0
2011/5/24,0
2011/5/24,0
2011/5/24,0
2011/5/24,0
2011/5/24,0
2011/5/24,0
2011/5/24,0
2011/5/24,0
2011/5/25,0
2011/5/25,0
2011/5/25,0
2011/5/25,0
2011/5/25,0
2011/5/25,0
2011/5/25,0
2011/5/25,0
2011/5/25,0
2011/5/25,0
2011/5/25,0
2011/5/25,0
2011/5/25,0
2011/5/25,0
2011/5/25,0
2011/5/25,0
2011/5/25,0
2011/5/25,0
2011/5/25,0
2011/5/25,0
2011/5/25,0
2011/5/25,0
2011/5/25,0
2011/5/25,0
2011/5/26,0
2011/5/26,0
2011/5/26,0
2011/5/26,0
2011/5/26,0
2011/5/26,0
2011/5/26,0
2011/5/26,0
2011/5/26,0
2011/5/26,0
2011/5/26,0
2011/5/26,0
2011/5/26,0
2011/5/26,0
2011/5/26,0
2011/5/26,0
2011/5/26,0
2011/5/26,0
2011/5/26,0
2011/5/26,0
2011/5/26,0
2011/5/26,0
2011/5/26,0
2011/5/26,0
2011/5/27,0
2011/5/27,0
2011/5/27,0
2011/5/27,0
2011/5/27,0
2011/5/27,0
2011/5/27,0
2011/5/27,0
2011/5/27,0
2011/5/27,0
2011/5/27,0
2011/5/27,0
2011/5/27,0
2011/5/27,0
2011/5/27,0
2011/5/27,0
2011/5/27,0
2011/5/27,0
2011/5/27,0
2011/5/27,0
2011/5/27,0
2011/5/27,0
2011/5/27,0
2011/5/27,0
2011/5/28,0
2011/5/28,0
2011/5/28,0
2011/5/28,0
2011/5/28,0
2011/5/28,0
2011/5/28,0
2011/5/28,0
2011/5/28,0
2011/5/28,0
2011/5/28,0
2011/5/28,0
2011/5/28,0
2011/5/28,0
2011/5/28,0
2011/5/28,0
2011/5/28,0
2011/5/28,0
2011/5/28,0
2011/5/28,0
2011/5/28,0
2011/5/28,0
2011/5/28,0
2011/5/28,0
2011/5/29,0
2011/5/29,0
2011/5/29,0
2011/5/29,0
2011/5/29,0
2011/5/29,0
2011/5/29,0
2011/5/29,0
2011/5/29,0
2011/5/29,0
2011/5/29,0
2011/5/29,0
2011/5/29,0
2011/5/29,0
2011/5/29,0
2011/5/29,0
2011/5/29,0
2011/5/29,0
2011/5/29,0
2011/5/29,0
2011/5/29,0
2011/5/29,0
2011/5/29,0
2011/5/29,0
2011/5/30,0
2011/5/30,0
2011/5/30,0
2011/5/30,0
2011/5/30,0
2011/5/30,0
2011/5/30,0
2011/5/30,0
2011/5/30,0
2011/5/30,0
2011/5/30,0
2011/5/30,0
2011/5/30,0
2011/5/30,0
2011/5/30,0
2011/5/30,0
2011/5/30,0
2011/5/30,0
2011/5/30,0
2011/5/30,0
2011/5/30,0
2011/5/30,0
2011/5/30,0
2011/5/30,0
2011/5/31,0
2011/5/31,0
2011/5/31,0
2011/5/31,0
2011/5/31,0
2011/5/31,0
2011/5/31,0
2011/5/31,0
2011/5/31,0
2011/5/31,0
2011/5/31,0
2011/5/31,0
2011/5/31,0
2011/5/31,0
2011/5/31,0
2011/5/31,0
2011/5/31,0
2011/5/31,0
2011/5/31,0
2011/5/31,0
2011/5/31,0
2011/5/31,0
2011/5/31,0
2011/5/31,0
2011/6/20,0
2011/6/20,0
2011/6/20,0
2011/6/20,0
2011/6/20,0
2011/6/20,0
2011/6/20,0
2011/6/20,0
2011/6/20,0
2011/6/20,0
2011/6/20,0
2011/6/20,0
2011/6/20,0
2011/6/20,0
2011/6/20,0
2011/6/20,0
2011/6/20,0
2011/6/20,0
2011/6/20,0
2011/6/20,0
2011/6/20,0
2011/6/20,0
2011/6/20,0
2011/6/20,0
2011/6/21,0
2011/6/21,0
2011/6/21,0
2011/6/21,0
2011/6/21,0
2011/6/21,0
2011/6/21,0
2011/6/21,0
2011/6/21,0
2011/6/21,0
2011/6/21,0
2011/6/21,0
2011/6/21,0
2011/6/21,0
2011/6/21,0
2011/6/21,0
2011/6/21,0
2011/6/21,0
2011/6/21,0
2011/6/21,0
2011/6/21,0
2011/6/21,0
2011/6/21,0
2011/6/21,0
2011/6/22,0
2011/6/22,0
2011/6/22,0
2011/6/22,0
2011/6/22,0
2011/6/22,0
2011/6/22,0
2011/6/22,0
2011/6/22,0
2011/6/22,0
2011/6/22,0
2011/6/22,0
2011/6/22,0
2011/6/22,0
2011/6/22,0
2011/6/22,0
2011/6/22,0
2011/6/22,0
2011/6/22,0
2011/6/22,0
2011/6/22,0
2011/6/22,0
2011/6/22,0
2011/6/22,0
2011/6/23,0
2011/6/23,0
2011/6/23,0
2011/6/23,0
2011/6/23,0
2011/6/23,0
2011/6/23,0
2011/6/23,0
2011/6/23,0
2011/6/23,0
2011/6/23,0
2011/6/23,0
2011/6/23,0
2011/6/23,0
2011/6/23,0
2011/6/23,0
2011/6/23,0
2011/6/23,0
2011/6/23,0
2011/6/23,0
2011/6/23,0
2011/6/23,0
2011/6/23,0
2011/6/23,0
2011/6/24,0
2011/6/24,0
2011/6/24,0
2011/6/24,0
2011/6/24,0
2011/6/24,0
2011/6/24,0
2011/6/24,0
2011/6/24,0
2011/6/24,0
2011/6/24,0
2011/6/24,0
2011/6/24,0
2011/6/24,0
2011/6/24,0
2011/6/24,0
2011/6/24,0
2011/6/24,0
2011/6/24,0
2011/6/24,0
2011/6/24,0
2011/6/24,0
2011/6/24,0
2011/6/24,0
2011/6/25,0
2011/6/25,0
2011/6/25,0
2011/6/25,0
2011/6/25,0
2011/6/25,0
2011/6/25,0
2011/6/25,0
2011/6/25,0
2011/6/25,0
2011/6/25,0
2011/6/25,0
2011/6/25,0
2011/6/25,0
2011/6/25,0
2011/6/25,0
2011/6/25,0
2011/6/25,0
2011/6/25,0
2011/6/25,0
2011/6/25,0
2011/6/25,0
2011/6/25,0
2011/6/25,0
2011/6/26,0
2011/6/26,0
2011/6/26,0
2011/6/26,0
2011/6/26,0
2011/6/26,0
2011/6/26,0
2011/6/26,0
2011/6/26,0
2011/6/26,0
2011/6/26,0
2011/6/26,0
2011/6/26,0
2011/6/26,0
2011/6/26,0
2011/6/26,0
2011/6/26,0
2011/6/26,0
2011/6/26,0
2011/6/26,0
2011/6/26,0
2011/6/26,0
2011/6/26,0
2011/6/26,0
2011/6/27,0
2011/6/27,0
2011/6/27,0
2011/6/27,0
2011/6/27,0
2011/6/27,0
2011/6/27,0
2011/6/27,0
2011/6/27,0
2011/6/27,0
2011/6/27,0
2011/6/27,0
2011/6/27,0
2011/6/27,0
2011/6/27,0
2011/6/27,0
2011/6/27,0
2011/6/27,0
2011/6/27,0
2011/6/27,0
2011/6/27,0
2011/6/27,0
2011/6/27,0
2011/6/27,0
2011/6/28,0
2011/6/28,0
2011/6/28,0
2011/6/28,0
2011/6/28,0
2011/6/28,0
2011/6/28,0
2011/6/28,0
2011/6/28,0
2011/6/28,0
2011/6/28,0
2011/6/28,0
2011/6/28,0
2011/6/28,0
2011/6/28,0
2011/6/28,0
2011/6/28,0
2011/6/28,0
2011/6/28,0
2011/6/28,0
2011/6/28,0
2011/6/28,0
2011/6/28,0
2011/6/28,0
2011/6/29,0
2011/6/29,0
2011/6/29,0
2011/6/29,0
2011/6/29,0
2011/6/29,0
2011/6/29,0
2011/6/29,0
2011/6/29,0
2011/6/29,0
2011/6/29,0
2011/6/29,0
2011/6/29,0
2011/6/29,0
2011/6/29,0
2011/6/29,0
2011/6/29,0
2011/6/29,0
2011/6/29,0
2011/6/29,0
2011/6/29,0
2011/6/29,0
2011/6/29,0
2011/6/29,0
2011/6/30,0
2011/6/30,0
2011/6/30,0
2011/6/30,0
2011/6/30,0
2011/6/30,0
2011/6/30,0
2011/6/30,0
2011/6/30,0
2011/6/30,0
2011/6/30,0
2011/6/30,0
2011/6/30,0
2011/6/30,0
2011/6/30,0
2011/6/30,0
2011/6/30,0
2011/6/30,0
2011/6/30,0
2011/6/30,0
2011/6/30,0
2011/6/30,0
2011/6/30,0
2011/6/30,0
2011/7/20,0
2011/7/20,0
2011/7/20,0
2011/7/20,0
2011/7/20,0
2011/7/20,0
2011/7/20,0
2011/7/20,0
2011/7/20,0
2011/7/20,0
2011/7/20,0
2011/7/20,0
2011/7/20,0
2011/7/20,0
2011/7/20,0
2011/7/20,0
2011/7/20,0
2011/7/20,0
2011/7/20,0
2011/7/20,0
2011/7/20,0
2011/7/20,0
2011/7/20,0
2011/7/20,0
2011/7/21,0
2011/7/21,0
2011/7/21,0
2011/7/21,0
2011/7/21,0
2011/7/21,0
2011/7/21,0
2011/7/21,0
2011/7/21,0
2011/7/21,0
2011/7/21,0
2011/7/21,0
2011/7/21,0
2011/7/21,0
2011/7/21,0
2011/7/21,0
2011/7/21,0
2011/7/21,0
2011/7/21,0
2011/7/21,0
2011/7/21,0
2011/7/21,0
2011/7/21,0
2011/7/21,0
2011/7/22,0
2011/7/22,0
2011/7/22,0
2011/7/22,0
2011/7/22,0
2011/7/22,0
2011/7/22,0
2011/7/22,0
2011/7/22,0
2011/7/22,0
2011/7/22,0
2011/7/22,0
2011/7/22,0
2011/7/22,0
2011/7/22,0
2011/7/22,0
2011/7/22,0
2011/7/22,0
2011/7/22,0
2011/7/22,0
2011/7/22,0
2011/7/22,0
2011/7/22,0
2011/7/22,0
2011/7/23,0
2011/7/23,0
2011/7/23,0
2011/7/23,0
2011/7/23,0
2011/7/23,0
2011/7/23,0
2011/7/23,0
2011/7/23,0
2011/7/23,0
2011/7/23,0
2011/7/23,0
2011/7/23,0
2011/7/23,0
2011/7/23,0
2011/7/23,0
2011/7/23,0
2011/7/23,0
2011/7/23,0
2011/7/23,0
2011/7/23,0
2011/7/23,0
2011/7/23,0
2011/7/23,0
2011/7/24,0
2011/7/24,0
2011/7/24,0
2011/7/24,0
2011/7/24,0
2011/7/24,0
2011/7/24,0
2011/7/24,0
2011/7/24,0
2011/7/24,0
2011/7/24,0
2011/7/24,0
2011/7/24,0
2011/7/24,0
2011/7/24,0
2011/7/24,0
2011/7/24,0
2011/7/24,0
2011/7/24,0
2011/7/24,0
2011/7/24,0
2011/7/24,0
2011/7/24,0
2011/7/24,0
2011/7/25,0
2011/7/25,0
2011/7/25,0
2011/7/25,0
2011/7/25,0
2011/7/25,0
2011/7/25,0
2011/7/25,0
2011/7/25,0
2011/7/25,0
2011/7/25,0
2011/7/25,0
2011/7/25,0
2011/7/25,0
2011/7/25,0
2011/7/25,0
2011/7/25,0
2011/7/25,0
2011/7/25,0
2011/7/25,0
2011/7/25,0
2011/7/25,0
2011/7/25,0
2011/7/25,0
2011/7/26,0
2011/7/26,0
2011/7/26,0
2011/7/26,0
2011/7/26,0
2011/7/26,0
2011/7/26,0
2011/7/26,0
2011/7/26,0
2011/7/26,0
2011/7/26,0
2011/7/26,0
2011/7/26,0
2011/7/26,0
2011/7/26,0
2011/7/26,0
2011/7/26,0
2011/7/26,0
2011/7/26,0
2011/7/26,0
2011/7/26,0
2011/7/26,0
2011/7/26,0
2011/7/26,0
2011/7/27,0
2011/7/27,0
2011/7/27,0
2011/7/27,0
2011/7/27,0
2011/7/27,0
2011/7/27,0
2011/7/27,0
2011/7/27,0
2011/7/27,0
2011/7/27,0
2011/7/27,0
2011/7/27,0
2011/7/27,0
2011/7/27,0
2011/7/27,0
2011/7/27,0
2011/7/27,0
2011/7/27,0
2011/7/27,0
2011/7/27,0
2011/7/27,0
2011/7/27,0
2011/7/27,0
2011/7/28,0
2011/7/28,0
2011/7/28,0
2011/7/28,0
2011/7/28,0
2011/7/28,0
2011/7/28,0
2011/7/28,0
2011/7/28,0
2011/7/28,0
2011/7/28,0
2011/7/28,0
2011/7/28,0
2011/7/28,0
2011/7/28,0
2011/7/28,0
2011/7/28,0
2011/7/28,0
2011/7/28,0
2011/7/28,0
2011/7/28,0
2011/7/28,0
2011/7/28,0
2011/7/28,0
2011/7/29,0
2011/7/29,0
2011/7/29,0
2011/7/29,0
2011/7/29,0
2011/7/29,0
2011/7/29,0
2011/7/29,0
2011/7/29,0
2011/7/29,0
2011/7/29,0
2011/7/29,0
2011/7/29,0
2011/7/29,0
2011/7/29,0
2011/7/29,0
2011/7/29,0
2011/7/29,0
2011/7/29,0
2011/7/29,0
2011/7/29,0
2011/7/29,0
2011/7/29,0
2011/7/29,0
2011/7/30,0
2011/7/30,0
2011/7/30,0
2011/7/30,0
2011/7/30,0
2011/7/30,0
2011/7/30,0
2011/7/30,0
2011/7/30,0
2011/7/30,0
2011/7/30,0
2011/7/30,0
2011/7/30,0
2011/7/30,0
2011/7/30,0
2011/7/30,0
2011/7/30,0
2011/7/30,0
2011/7/30,0
2011/7/30,0
2011/7/30,0
2011/7/30,0
2011/7/30,0
2011/7/30,0
2011/7/31,0
2011/7/31,0
2011/7/31,0
2011/7/31,0
2011/7/31,0
2011/7/31,0
2011/7/31,0
2011/7/31,0
2011/7/31,0
2011/7/31,0
2011/7/31,0
2011/7/31,0
2011/7/31,0
2011/7/31,0
2011/7/31,0
2011/7/31,0
2011/7/31,0
2011/7/31,0
2011/7/31,0
2011/7/31,0
2011/7/31,0
2011/7/31,0
2011/7/31,0
2011/7/31,0
2011/8/20,0
2011/8/20,0
2011/8/20,0
2011/8/20,0
2011/8/20,0
2011/8/20,0
2011/8/20,0
2011/8/20,0
2011/8/20,0
2011/8/20,0
2011/8/20,0
2011/8/20,0
2011/8/20,0
2011/8/20,0
2011/8/20,0
2011/8/20,0
2011/8/20,0
2011/8/20,0
2011/8/20,0
2011/8/20,0
2011/8/20,0
2011/8/20,0
2011/8/20,0
2011/8/20,0
2011/8/21,0
2011/8/21,0
2011/8/21,0
2011/8/21,0
2011/8/21,0
2011/8/21,0
2011/8/21,0
2011/8/21,0
2011/8/21,0
2011/8/21,0
2011/8/21,0
2011/8/21,0
2011/8/21,0
2011/8/21,0
2011/8/21,0
2011/8/21,0
2011/8/21,0
2011/8/21,0
2011/8/21,0
2011/8/21,0
2011/8/21,0
2011/8/21,0
2011/8/21,0
2011/8/21,0
2011/8/22,0
2011/8/22,0
2011/8/22,0
2011/8/22,0
2011/8/22,0
2011/8/22,0
2011/8/22,0
2011/8/22,0
2011/8/22,0
2011/8/22,0
2011/8/22,0
2011/8/22,0
2011/8/22,0
2011/8/22,0
2011/8/22,0
2011/8/22,0
2011/8/22,0
2011/8/22,0
2011/8/22,0
2011/8/22,0
2011/8/22,0
2011/8/22,0
2011/8/22,0
2011/8/22,0
2011/8/23,0
2011/8/23,0
2011/8/23,0
2011/8/23,0
2011/8/23,0
2011/8/23,0
2011/8/23,0
2011/8/23,0
2011/8/23,0
2011/8/23,0
2011/8/23,0
2011/8/23,0
2011/8/23,0
2011/8/23,0
2011/8/23,0
2011/8/23,0
2011/8/23,0
2011/8/23,0
2011/8/23,0
2011/8/23,0
2011/8/23,0
2011/8/23,0
2011/8/23,0
2011/8/23,0
2011/8/24,0
2011/8/24,0
2011/8/24,0
2011/8/24,0
2011/8/24,0
2011/8/24,0
2011/8/24,0
2011/8/24,0
2011/8/24,0
2011/8/24,0
2011/8/24,0
2011/8/24,0
2011/8/24,0
2011/8/24,0
2011/8/24,0
2011/8/24,0
2011/8/24,0
2011/8/24,0
2011/8/24,0
2011/8/24,0
2011/8/24,0
2011/8/24,0
2011/8/24,0
2011/8/24,0
2011/8/25,0
2011/8/25,0
2011/8/25,0
2011/8/25,0
2011/8/25,0
2011/8/25,0
2011/8/25,0
2011/8/25,0
2011/8/25,0
2011/8/25,0
2011/8/25,0
2011/8/25,0
2011/8/25,0
2011/8/25,0
2011/8/25,0
2011/8/25,0
2011/8/25,0
2011/8/25,0
2011/8/25,0
2011/8/25,0
2011/8/25,0
2011/8/25,0
2011/8/25,0
2011/8/25,0
2011/8/26,0
2011/8/26,0
2011/8/26,0
2011/8/26,0
2011/8/26,0
2011/8/26,0
2011/8/26,0
2011/8/26,0
2011/8/26,0
2011/8/26,0
2011/8/26,0
2011/8/26,0
2011/8/26,0
2011/8/26,0
2011/8/26,0
2011/8/26,0
2011/8/26,0
2011/8/26,0
2011/8/26,0
2011/8/26,0
2011/8/26,0
2011/8/26,0
2011/8/26,0
2011/8/26,0
2011/8/27,0
2011/8/27,0
2011/8/27,0
2011/8/27,0
2011/8/27,0
2011/8/27,0
2011/8/27,0
2011/8/27,0
2011/8/27,0
2011/8/27,0
2011/8/27,0
2011/8/27,0
2011/8/27,0
2011/8/27,0
2011/8/27,0
2011/8/27,0
2011/8/27,0
2011/8/27,0
2011/8/28,0
2011/8/28,0
2011/8/28,0
2011/8/28,0
2011/8/28,0
2011/8/28,0
2011/8/28,0
2011/8/28,0
2011/8/28,0
2011/8/28,0
2011/8/28,0
2011/8/28,0
2011/8/28,0
2011/8/28,0
2011/8/28,0
2011/8/28,0
2011/8/28,0
2011/8/29,0
2011/8/29,0
2011/8/29,0
2011/8/29,0
2011/8/29,0
2011/8/29,0
2011/8/29,0
2011/8/29,0
2011/8/29,0
2011/8/29,0
2011/8/29,0
2011/8/29,0
2011/8/29,0
2011/8/29,0
2011/8/29,0
2011/8/29,0
2011/8/29,0
2011/8/29,0
2011/8/29,0
2011/8/29,0
2011/8/29,0
2011/8/29,0
2011/8/29,0
2011/8/29,0
2011/8/30,0
2011/8/30,0
2011/8/30,0
2011/8/30,0
2011/8/30,0
2011/8/30,0
2011/8/30,0
2011/8/30,0
2011/8/30,0
2011/8/30,0
2011/8/30,0
2011/8/30,0
2011/8/30,0
2011/8/30,0
2011/8/30,0
2011/8/30,0
2011/8/30,0
2011/8/30,0
2011/8/30,0
2011/8/30,0
2011/8/30,0
2011/8/30,0
2011/8/30,0
2011/8/30,0
2011/8/31,0
2011/8/31,0
2011/8/31,0
2011/8/31,0
2011/8/31,0
2011/8/31,0
2011/8/31,0
2011/8/31,0
2011/8/31,0
2011/8/31,0
2011/8/31,0
2011/8/31,0
2011/8/31,0
2011/8/31,0
2011/8/31,0
2011/8/31,0
2011/8/31,0
2011/8/31,0
2011/8/31,0
2011/8/31,0
2011/8/31,0
2011/8/31,0
2011/8/31,0
2011/8/31,0
2011/9/20,0
2011/9/20,0
2011/9/20,0
2011/9/20,0
2011/9/20,0
2011/9/20,0
2011/9/20,0
2011/9/20,0
2011/9/20,0
2011/9/20,0
2011/9/20,0
2011/9/20,0
2011/9/20,0
2011/9/20,0
2011/9/20,0
2011/9/20,0
2011/9/20,0
2011/9/20,0
2011/9/20,0
2011/9/20,0
2011/9/20,0
2011/9/20,0
2011/9/20,0
2011/9/20,0
2011/9/21,0
2011/9/21,0
2011/9/21,0
2011/9/21,0
2011/9/21,0
2011/9/21,0
2011/9/21,0
2011/9/21,0
2011/9/21,0
2011/9/21,0
2011/9/21,0
2011/9/21,0
2011/9/21,0
2011/9/21,0
2011/9/21,0
2011/9/21,0
2011/9/21,0
2011/9/21,0
2011/9/21,0
2011/9/21,0
2011/9/21,0
2011/9/21,0
2011/9/21,0
2011/9/21,0
2011/9/22,0
2011/9/22,0
2011/9/22,0
2011/9/22,0
2011/9/22,0
2011/9/22,0
2011/9/22,0
2011/9/22,0
2011/9/22,0
2011/9/22,0
2011/9/22,0
2011/9/22,0
2011/9/22,0
2011/9/22,0
2011/9/22,0
2011/9/22,0
2011/9/22,0
2011/9/22,0
2011/9/22,0
2011/9/22,0
2011/9/22,0
2011/9/22,0
2011/9/22,0
2011/9/22,0
2011/9/23,0
2011/9/23,0
2011/9/23,0
2011/9/23,0
2011/9/23,0
2011/9/23,0
2011/9/23,0
2011/9/23,0
2011/9/23,0
2011/9/23,0
2011/9/23,0
2011/9/23,0
2011/9/23,0
2011/9/23,0
2011/9/23,0
2011/9/23,0
2011/9/23,0
2011/9/23,0
2011/9/23,0
2011/9/23,0
2011/9/23,0
2011/9/23,0
2011/9/23,0
2011/9/23,0
2011/9/24,0
2011/9/24,0
2011/9/24,0
2011/9/24,0
2011/9/24,0
2011/9/24,0
2011/9/24,0
2011/9/24,0
2011/9/24,0
2011/9/24,0
2011/9/24,0
2011/9/24,0
2011/9/24,0
2011/9/24,0
2011/9/24,0
2011/9/24,0
2011/9/24,0
2011/9/24,0
2011/9/24,0
2011/9/24,0
2011/9/24,0
2011/9/24,0
2011/9/24,0
2011/9/24,0
2011/9/25,0
2011/9/25,0
2011/9/25,0
2011/9/25,0
2011/9/25,0
2011/9/25,0
2011/9/25,0
2011/9/25,0
2011/9/25,0
2011/9/25,0
2011/9/25,0
2011/9/25,0
2011/9/25,0
2011/9/25,0
2011/9/25,0
2011/9/25,0
2011/9/25,0
2011/9/25,0
2011/9/25,0
2011/9/25,0
2011/9/25,0
2011/9/25,0
2011/9/25,0
2011/9/25,0
2011/9/26,0
2011/9/26,0
2011/9/26,0
2011/9/26,0
2011/9/26,0
2011/9/26,0
2011/9/26,0
2011/9/26,0
2011/9/26,0
2011/9/26,0
2011/9/26,0
2011/9/26,0
2011/9/26,0
2011/9/26,0
2011/9/26,0
2011/9/26,0
2011/9/26,0
2011/9/26,0
2011/9/26,0
2011/9/26,0
2011/9/26,0
2011/9/26,0
2011/9/26,0
2011/9/26,0
2011/9/27,0
2011/9/27,0
2011/9/27,0
2011/9/27,0
2011/9/27,0
2011/9/27,0
2011/9/27,0
2011/9/27,0
2011/9/27,0
2011/9/27,0
2011/9/27,0
2011/9/27,0
2011/9/27,0
2011/9/27,0
2011/9/27,0
2011/9/27,0
2011/9/27,0
2011/9/27,0
2011/9/27,0
2011/9/27,0
2011/9/27,0
2011/9/27,0
2011/9/27,0
2011/9/27,0
2011/9/28,0
2011/9/28,0
2011/9/28,0
2011/9/28,0
2011/9/28,0
2011/9/28,0
2011/9/28,0
2011/9/28,0
2011/9/28,0
2011/9/28,0
2011/9/28,0
2011/9/28,0
2011/9/28,0
2011/9/28,0
2011/9/28,0
2011/9/28,0
2011/9/28,0
2011/9/28,0
2011/9/28,0
2011/9/28,0
2011/9/28,0
2011/9/28,0
2011/9/28,0
2011/9/28,0
2011/9/29,0
2011/9/29,0
2011/9/29,0
2011/9/29,0
2011/9/29,0
2011/9/29,0
2011/9/29,0
2011/9/29,0
2011/9/29,0
2011/9/29,0
2011/9/29,0
2011/9/29,0
2011/9/29,0
2011/9/29,0
2011/9/29,0
2011/9/29,0
2011/9/29,0
2011/9/29,0
2011/9/29,0
2011/9/29,0
2011/9/29,0
2011/9/29,0
2011/9/29,0
2011/9/29,0
2011/9/30,0
2011/9/30,0
2011/9/30,0
2011/9/30,0
2011/9/30,0
2011/9/30,0
2011/9/30,0
2011/9/30,0
2011/9/30,0
2011/9/30,0
2011/9/30,0
2011/9/30,0
2011/9/30,0
2011/9/30,0
2011/9/30,0
2011/9/30,0
2011/9/30,0
2011/9/30,0
2011/9/30,0
2011/9/30,0
2011/9/30,0
2011/9/30,0
2011/9/30,0
2011/9/30,0
2011/10/20,0
2011/10/20,0
2011/10/20,0
2011/10/20,0
2011/10/20,0
2011/10/20,0
2011/10/20,0
2011/10/20,0
2011/10/20,0
2011/10/20,0
2011/10/20,0
2011/10/20,0
2011/10/20,0
2011/10/20,0
2011/10/20,0
2011/10/20,0
2011/10/20,0
2011/10/20,0
2011/10/20,0
2011/10/20,0
2011/10/20,0
2011/10/20,0
2011/10/20,0
2011/10/20,0
2011/10/21,0
2011/10/21,0
2011/10/21,0
2011/10/21,0
2011/10/21,0
2011/10/21,0
2011/10/21,0
2011/10/21,0
2011/10/21,0
2011/10/21,0
2011/10/21,0
2011/10/21,0
2011/10/21,0
2011/10/21,0
2011/10/21,0
2011/10/21,0
2011/10/21,0
2011/10/21,0
2011/10/21,0
2011/10/21,0
2011/10/21,0
2011/10/21,0
2011/10/21,0
2011/10/21,0
2011/10/22,0
2011/10/22,0
2011/10/22,0
2011/10/22,0
2011/10/22,0
2011/10/22,0
2011/10/22,0
2011/10/22,0
2011/10/22,0
2011/10/22,0
2011/10/22,0
2011/10/22,0
2011/10/22,0
2011/10/22,0
2011/10/22,0
2011/10/22,0
2011/10/22,0
2011/10/22,0
2011/10/22,0
2011/10/22,0
2011/10/22,0
2011/10/22,0
2011/10/22,0
2011/10/22,0
2011/10/23,0
2011/10/23,0
2011/10/23,0
2011/10/23,0
2011/10/23,0
2011/10/23,0
2011/10/23,0
2011/10/23,0
2011/10/23,0
2011/10/23,0
2011/10/23,0
2011/10/23,0
2011/10/23,0
2011/10/23,0
2011/10/23,0
2011/10/23,0
2011/10/23,0
2011/10/23,0
2011/10/23,0
2011/10/23,0
2011/10/23,0
2011/10/23,0
2011/10/23,0
2011/10/23,0
2011/10/24,0
2011/10/24,0
2011/10/24,0
2011/10/24,0
2011/10/24,0
2011/10/24,0
2011/10/24,0
2011/10/24,0
2011/10/24,0
2011/10/24,0
2011/10/24,0
2011/10/24,0
2011/10/24,0
2011/10/24,0
2011/10/24,0
2011/10/24,0
2011/10/24,0
2011/10/24,0
2011/10/24,0
2011/10/24,0
2011/10/24,0
2011/10/24,0
2011/10/24,0
2011/10/24,0
2011/10/25,0
2011/10/25,0
2011/10/25,0
2011/10/25,0
2011/10/25,0
2011/10/25,0
2011/10/25,0
2011/10/25,0
2011/10/25,0
2011/10/25,0
2011/10/25,0
2011/10/25,0
2011/10/25,0
2011/10/25,0
2011/10/25,0
2011/10/25,0
2011/10/25,0
2011/10/25,0
2011/10/25,0
2011/10/25,0
2011/10/25,0
2011/10/25,0
2011/10/25,0
2011/10/25,0
2011/10/26,0
2011/10/26,0
2011/10/26,0
2011/10/26,0
2011/10/26,0
2011/10/26,0
2011/10/26,0
2011/10/26,0
2011/10/26,0
2011/10/26,0
2011/10/26,0
2011/10/26,0
2011/10/26,0
2011/10/26,0
2011/10/26,0
2011/10/26,0
2011/10/26,0
2011/10/26,0
2011/10/26,0
2011/10/26,0
2011/10/26,0
2011/10/26,0
2011/10/26,0
2011/10/26,0
2011/10/27,0
2011/10/27,0
2011/10/27,0
2011/10/27,0
2011/10/27,0
2011/10/27,0
2011/10/27,0
2011/10/27,0
2011/10/27,0
2011/10/27,0
2011/10/27,0
2011/10/27,0
2011/10/27,0
2011/10/27,0
2011/10/27,0
2011/10/27,0
2011/10/27,0
2011/10/27,0
2011/10/27,0
2011/10/27,0
2011/10/27,0
2011/10/27,0
2011/10/27,0
2011/10/27,0
2011/10/28,0
2011/10/28,0
2011/10/28,0
2011/10/28,0
2011/10/28,0
2011/10/28,0
2011/10/28,0
2011/10/28,0
2011/10/28,0
2011/10/28,0
2011/10/28,0
2011/10/28,0
2011/10/28,0
2011/10/28,0
2011/10/28,0
2011/10/28,0
2011/10/28,0
2011/10/28,0
2011/10/28,0
2011/10/28,0
2011/10/28,0
2011/10/28,0
2011/10/28,0
2011/10/28,0
2011/10/29,0
2011/10/29,0
2011/10/29,0
2011/10/29,0
2011/10/29,0
2011/10/29,0
2011/10/29,0
2011/10/29,0
2011/10/29,0
2011/10/29,0
2011/10/29,0
2011/10/29,0
2011/10/29,0
2011/10/29,0
2011/10/29,0
2011/10/29,0
2011/10/29,0
2011/10/29,0
2011/10/29,0
2011/10/29,0
2011/10/29,0
2011/10/29,0
2011/10/29,0
2011/10/29,0
2011/10/30,0
2011/10/30,0
2011/10/30,0
2011/10/30,0
2011/10/30,0
2011/10/30,0
2011/10/30,0
2011/10/30,0
2011/10/30,0
2011/10/30,0
2011/10/30,0
2011/10/30,0
2011/10/30,0
2011/10/30,0
2011/10/30,0
2011/10/30,0
2011/10/30,0
2011/10/30,0
2011/10/30,0
2011/10/30,0
2011/10/30,0
2011/10/30,0
2011/10/30,0
2011/10/30,0
2011/10/31,0
2011/10/31,0
2011/10/31,0
2011/10/31,0
2011/10/31,0
2011/10/31,0
2011/10/31,0
2011/10/31,0
2011/10/31,0
2011/10/31,0
2011/10/31,0
2011/10/31,0
2011/10/31,0
2011/10/31,0
2011/10/31,0
2011/10/31,0
2011/10/31,0
2011/10/31,0
2011/10/31,0
2011/10/31,0
2011/10/31,0
2011/10/31,0
2011/10/31,0
2011/10/31,0
2011/11/20,0
2011/11/20,0
2011/11/20,0
2011/11/20,0
2011/11/20,0
2011/11/20,0
2011/11/20,0
2011/11/20,0
2011/11/20,0
2011/11/20,0
2011/11/20,0
2011/11/20,0
2011/11/20,0
2011/11/20,0
2011/11/20,0
2011/11/20,0
2011/11/20,0
2011/11/20,0
2011/11/20,0
2011/11/20,0
2011/11/20,0
2011/11/20,0
2011/11/20,0
2011/11/20,0
2011/11/21,0
2011/11/21,0
2011/11/21,0
2011/11/21,0
2011/11/21,0
2011/11/21,0
2011/11/21,0
2011/11/21,0
2011/11/21,0
2011/11/21,0
2011/11/21,0
2011/11/21,0
2011/11/21,0
2011/11/21,0
2011/11/21,0
2011/11/21,0
2011/11/21,0
2011/11/21,0
2011/11/21,0
2011/11/21,0
2011/11/21,0
2011/11/21,0
2011/11/21,0
2011/11/21,0
2011/11/22,0
2011/11/22,0
2011/11/22,0
2011/11/22,0
2011/11/22,0
2011/11/22,0
2011/11/22,0
2011/11/22,0
2011/11/22,0
2011/11/22,0
2011/11/22,0
2011/11/22,0
2011/11/22,0
2011/11/22,0
2011/11/22,0
2011/11/22,0
2011/11/22,0
2011/11/22,0
2011/11/22,0
2011/11/22,0
2011/11/22,0
2011/11/22,0
2011/11/22,0
2011/11/22,0
2011/11/23,0
2011/11/23,0
2011/11/23,0
2011/11/23,0
2011/11/23,0
2011/11/23,0
2011/11/23,0
2011/11/23,0
2011/11/23,0
2011/11/23,0
2011/11/23,0
2011/11/23,0
2011/11/23,0
2011/11/23,0
2011/11/23,0
2011/11/23,0
2011/11/23,0
2011/11/23,0
2011/11/23,0
2011/11/23,0
2011/11/23,0
2011/11/23,0
2011/11/23,0
2011/11/23,0
2011/11/24,0
2011/11/24,0
2011/11/24,0
2011/11/24,0
2011/11/24,0
2011/11/24,0
2011/11/24,0
2011/11/24,0
2011/11/24,0
2011/11/24,0
2011/11/24,0
2011/11/24,0
2011/11/24,0
2011/11/24,0
2011/11/24,0
2011/11/24,0
2011/11/24,0
2011/11/24,0
2011/11/24,0
2011/11/24,0
2011/11/24,0
2011/11/24,0
2011/11/24,0
2011/11/24,0
2011/11/25,0
2011/11/25,0
2011/11/25,0
2011/11/25,0
2011/11/25,0
2011/11/25,0
2011/11/25,0
2011/11/25,0
2011/11/25,0
2011/11/25,0
2011/11/25,0
2011/11/25,0
2011/11/25,0
2011/11/25,0
2011/11/25,0
2011/11/25,0
2011/11/25,0
2011/11/25,0
2011/11/25,0
2011/11/25,0
2011/11/25,0
2011/11/25,0
2011/11/25,0
2011/11/25,0
2011/11/26,0
2011/11/26,0
2011/11/26,0
2011/11/26,0
2011/11/26,0
2011/11/26,0
2011/11/26,0
2011/11/26,0
2011/11/26,0
2011/11/26,0
2011/11/26,0
2011/11/26,0
2011/11/26,0
2011/11/26,0
2011/11/26,0
2011/11/26,0
2011/11/26,0
2011/11/26,0
2011/11/26,0
2011/11/26,0
2011/11/26,0
2011/11/26,0
2011/11/26,0
2011/11/26,0
2011/11/27,0
2011/11/27,0
2011/11/27,0
2011/11/27,0
2011/11/27,0
2011/11/27,0
2011/11/27,0
2011/11/27,0
2011/11/27,0
2011/11/27,0
2011/11/27,0
2011/11/27,0
2011/11/27,0
2011/11/27,0
2011/11/27,0
2011/11/27,0
2011/11/27,0
2011/11/27,0
2011/11/27,0
2011/11/27,0
2011/11/27,0
2011/11/27,0
2011/11/27,0
2011/11/27,0
2011/11/28,0
2011/11/28,0
2011/11/28,0
2011/11/28,0
2011/11/28,0
2011/11/28,0
2011/11/28,0
2011/11/28,0
2011/11/28,0
2011/11/28,0
2011/11/28,0
2011/11/28,0
2011/11/28,0
2011/11/28,0
2011/11/28,0
2011/11/28,0
2011/11/28,0
2011/11/28,0
2011/11/28,0
2011/11/28,0
2011/11/28,0
2011/11/28,0
2011/11/28,0
2011/11/29,0
2011/11/29,0
2011/11/29,0
2011/11/29,0
2011/11/29,0
2011/11/29,0
2011/11/29,0
2011/11/29,0
2011/11/29,0
2011/11/29,0
2011/11/29,0
2011/11/29,0
2011/11/29,0
2011/11/29,0
2011/11/29,0
2011/11/29,0
2011/11/29,0
2011/11/29,0
2011/11/29,0
2011/11/29,0
2011/11/29,0
2011/11/29,0
2011/11/29,0
2011/11/29,0
2011/11/30,0
2011/11/30,0
2011/11/30,0
2011/11/30,0
2011/11/30,0
2011/11/30,0
2011/11/30,0
2011/11/30,0
2011/11/30,0
2011/11/30,0
2011/11/30,0
2011/11/30,0
2011/11/30,0
2011/11/30,0
2011/11/30,0
2011/11/30,0
2011/11/30,0
2011/11/30,0
2011/11/30,0
2011/11/30,0
2011/11/30,0
2011/11/30,0
2011/11/30,0
2011/11/30,0
2011/12/20,0
2011/12/20,0
2011/12/20,0
2011/12/20,0
2011/12/20,0
2011/12/20,0
2011/12/20,0
2011/12/20,0
2011/12/20,0
2011/12/20,0
2011/12/20,0
2011/12/20,0
2011/12/20,0
2011/12/20,0
2011/12/20,0
2011/12/20,0
2011/12/20,0
2011/12/20,0
2011/12/20,0
2011/12/20,0
2011/12/20,0
2011/12/20,0
2011/12/20,0
2011/12/20,0
2011/12/21,0
2011/12/21,0
2011/12/21,0
2011/12/21,0
2011/12/21,0
2011/12/21,0
2011/12/21,0
2011/12/21,0
2011/12/21,0
2011/12/21,0
2011/12/21,0
2011/12/21,0
2011/12/21,0
2011/12/21,0
2011/12/21,0
2011/12/21,0
2011/12/21,0
2011/12/21,0
2011/12/21,0
2011/12/21,0
2011/12/21,0
2011/12/21,0
2011/12/21,0
2011/12/21,0
2011/12/22,0
2011/12/22,0
2011/12/22,0
2011/12/22,0
2011/12/22,0
2011/12/22,0
2011/12/22,0
2011/12/22,0
2011/12/22,0
2011/12/22,0
2011/12/22,0
2011/12/22,0
2011/12/22,0
2011/12/22,0
2011/12/22,0
2011/12/22,0
2011/12/22,0
2011/12/22,0
2011/12/22,0
2011/12/22,0
2011/12/22,0
2011/12/22,0
2011/12/22,0
2011/12/22,0
2011/12/23,0
2011/12/23,0
2011/12/23,0
2011/12/23,0
2011/12/23,0
2011/12/23,0
2011/12/23,0
2011/12/23,0
2011/12/23,0
2011/12/23,0
2011/12/23,0
2011/12/23,0
2011/12/23,0
2011/12/23,0
2011/12/23,0
2011/12/23,0
2011/12/23,0
2011/12/23,0
2011/12/23,0
2011/12/23,0
2011/12/23,0
2011/12/23,0
2011/12/23,0
2011/12/23,0
2011/12/24,0
2011/12/24,0
2011/12/24,0
2011/12/24,0
2011/12/24,0
2011/12/24,0
2011/12/24,0
2011/12/24,0
2011/12/24,0
2011/12/24,0
2011/12/24,0
2011/12/24,0
2011/12/24,0
2011/12/24,0
2011/12/24,0
2011/12/24,0
2011/12/24,0
2011/12/24,0
2011/12/24,0
2011/12/24,0
2011/12/24,0
2011/12/24,0
2011/12/24,0
2011/12/24,0
2011/12/25,0
2011/12/25,0
2011/12/25,0
2011/12/25,0
2011/12/25,0
2011/12/25,0
2011/12/25,0
2011/12/25,0
2011/12/25,0
2011/12/25,0
2011/12/25,0
2011/12/25,0
2011/12/25,0
2011/12/25,0
2011/12/25,0
2011/12/25,0
2011/12/25,0
2011/12/25,0
2011/12/25,0
2011/12/25,0
2011/12/25,0
2011/12/25,0
2011/12/25,0
2011/12/26,0
2011/12/26,0
2011/12/26,0
2011/12/26,0
2011/12/26,0
2011/12/26,0
2011/12/26,0
2011/12/26,0
2011/12/26,0
2011/12/26,0
2011/12/26,0
2011/12/26,0
2011/12/26,0
2011/12/26,0
2011/12/26,0
2011/12/26,0
2011/12/26,0
2011/12/26,0
2011/12/26,0
2011/12/26,0
2011/12/26,0
2011/12/26,0
2011/12/26,0
2011/12/27,0
2011/12/27,0
2011/12/27,0
2011/12/27,0
2011/12/27,0
2011/12/27,0
2011/12/27,0
2011/12/27,0
2011/12/27,0
2011/12/27,0
2011/12/27,0
2011/12/27,0
2011/12/27,0
2011/12/27,0
2011/12/27,0
2011/12/27,0
2011/12/27,0
2011/12/27,0
2011/12/27,0
2011/12/27,0
2011/12/27,0
2011/12/27,0
2011/12/27,0
2011/12/27,0
2011/12/28,0
2011/12/28,0
2011/12/28,0
2011/12/28,0
2011/12/28,0
2011/12/28,0
2011/12/28,0
2011/12/28,0
2011/12/28,0
2011/12/28,0
2011/12/28,0
2011/12/28,0
2011/12/28,0
2011/12/28,0
2011/12/28,0
2011/12/28,0
2011/12/28,0
2011/12/28,0
2011/12/28,0
2011/12/28,0
2011/12/28,0
2011/12/28,0
2011/12/28,0
2011/12/29,0
2011/12/29,0
2011/12/29,0
2011/12/29,0
2011/12/29,0
2011/12/29,0
2011/12/29,0
2011/12/29,0
2011/12/29,0
2011/12/29,0
2011/12/29,0
2011/12/29,0
2011/12/29,0
2011/12/29,0
2011/12/29,0
2011/12/29,0
2011/12/29,0
2011/12/29,0
2011/12/29,0
2011/12/29,0
2011/12/29,0
2011/12/29,0
2011/12/29,0
2011/12/29,0
2011/12/30,0
2011/12/30,0
2011/12/30,0
2011/12/30,0
2011/12/30,0
2011/12/30,0
2011/12/30,0
2011/12/30,0
2011/12/30,0
2011/12/30,0
2011/12/30,0
2011/12/30,0
2011/12/30,0
2011/12/30,0
2011/12/30,0
2011/12/30,0
2011/12/30,0
2011/12/30,0
2011/12/30,0
2011/12/30,0
2011/12/30,0
2011/12/30,0
2011/12/30,0
2011/12/30,0
2011/12/31,0
2011/12/31,0
2011/12/31,0
2011/12/31,0
2011/12/31,0
2011/12/31,0
2011/12/31,0
2011/12/31,0
2011/12/31,0
2011/12/31,0
2011/12/31,0
2011/12/31,0
2011/12/31,0
2011/12/31,0
2011/12/31,0
2011/12/31,0
2011/12/31,0
2011/12/31,0
2011/12/31,0
2011/12/31,0
2011/12/31,0
2011/12/31,0
2011/12/31,0
2011/12/31,0
2012/1/20,0
2012/1/20,0
2012/1/20,0
2012/1/20,0
2012/1/20,0
2012/1/20,0
2012/1/20,0
2012/1/20,0
2012/1/20,0
2012/1/20,0
2012/1/20,0
2012/1/20,0
2012/1/20,0
2012/1/20,0
2012/1/20,0
2012/1/20,0
2012/1/20,0
2012/1/20,0
2012/1/20,0
2012/1/20,0
2012/1/20,0
2012/1/20,0
2012/1/20,0
2012/1/20,0
2012/1/21,0
2012/1/21,0
2012/1/21,0
2012/1/21,0
2012/1/21,0
2012/1/21,0
2012/1/21,0
2012/1/21,0
2012/1/21,0
2012/1/21,0
2012/1/21,0
2012/1/21,0
2012/1/21,0
2012/1/21,0
2012/1/21,0
2012/1/21,0
2012/1/21,0
2012/1/21,0
2012/1/21,0
2012/1/21,0
2012/1/21,0
2012/1/21,0
2012/1/21,0
2012/1/21,0
2012/1/22,0
2012/1/22,0
2012/1/22,0
2012/1/22,0
2012/1/22,0
2012/1/22,0
2012/1/22,0
2012/1/22,0
2012/1/22,0
2012/1/22,0
2012/1/22,0
2012/1/22,0
2012/1/22,0
2012/1/22,0
2012/1/22,0
2012/1/22,0
2012/1/22,0
2012/1/22,0
2012/1/22,0
2012/1/22,0
2012/1/22,0
2012/1/22,0
2012/1/22,0
2012/1/22,0
2012/1/23,0
2012/1/23,0
2012/1/23,0
2012/1/23,0
2012/1/23,0
2012/1/23,0
2012/1/23,0
2012/1/23,0
2012/1/23,0
2012/1/23,0
2012/1/23,0
2012/1/23,0
2012/1/23,0
2012/1/23,0
2012/1/23,0
2012/1/23,0
2012/1/23,0
2012/1/23,0
2012/1/23,0
2012/1/23,0
2012/1/23,0
2012/1/23,0
2012/1/23,0
2012/1/23,0
2012/1/24,0
2012/1/24,0
2012/1/24,0
2012/1/24,0
2012/1/24,0
2012/1/24,0
2012/1/24,0
2012/1/24,0
2012/1/24,0
2012/1/24,0
2012/1/24,0
2012/1/24,0
2012/1/24,0
2012/1/24,0
2012/1/24,0
2012/1/24,0
2012/1/24,0
2012/1/24,0
2012/1/24,0
2012/1/24,0
2012/1/24,0
2012/1/24,0
2012/1/24,0
2012/1/24,0
2012/1/25,0
2012/1/25,0
2012/1/25,0
2012/1/25,0
2012/1/25,0
2012/1/25,0
2012/1/25,0
2012/1/25,0
2012/1/25,0
2012/1/25,0
2012/1/25,0
2012/1/25,0
2012/1/25,0
2012/1/25,0
2012/1/25,0
2012/1/25,0
2012/1/25,0
2012/1/25,0
2012/1/25,0
2012/1/25,0
2012/1/25,0
2012/1/25,0
2012/1/25,0
2012/1/25,0
2012/1/26,0
2012/1/26,0
2012/1/26,0
2012/1/26,0
2012/1/26,0
2012/1/26,0
2012/1/26,0
2012/1/26,0
2012/1/26,0
2012/1/26,0
2012/1/26,0
2012/1/26,0
2012/1/26,0
2012/1/26,0
2012/1/26,0
2012/1/26,0
2012/1/26,0
2012/1/26,0
2012/1/26,0
2012/1/26,0
2012/1/26,0
2012/1/26,0
2012/1/26,0
2012/1/26,0
2012/1/27,0
2012/1/27,0
2012/1/27,0
2012/1/27,0
2012/1/27,0
2012/1/27,0
2012/1/27,0
2012/1/27,0
2012/1/27,0
2012/1/27,0
2012/1/27,0
2012/1/27,0
2012/1/27,0
2012/1/27,0
2012/1/27,0
2012/1/27,0
2012/1/27,0
2012/1/27,0
2012/1/27,0
2012/1/27,0
2012/1/27,0
2012/1/27,0
2012/1/27,0
2012/1/27,0
2012/1/28,0
2012/1/28,0
2012/1/28,0
2012/1/28,0
2012/1/28,0
2012/1/28,0
2012/1/28,0
2012/1/28,0
2012/1/28,0
2012/1/28,0
2012/1/28,0
2012/1/28,0
2012/1/28,0
2012/1/28,0
2012/1/28,0
2012/1/28,0
2012/1/28,0
2012/1/28,0
2012/1/28,0
2012/1/28,0
2012/1/28,0
2012/1/28,0
2012/1/28,0
2012/1/28,0
2012/1/29,0
2012/1/29,0
2012/1/29,0
2012/1/29,0
2012/1/29,0
2012/1/29,0
2012/1/29,0
2012/1/29,0
2012/1/29,0
2012/1/29,0
2012/1/29,0
2012/1/29,0
2012/1/29,0
2012/1/29,0
2012/1/29,0
2012/1/29,0
2012/1/29,0
2012/1/29,0
2012/1/29,0
2012/1/29,0
2012/1/29,0
2012/1/29,0
2012/1/29,0
2012/1/29,0
2012/1/30,0
2012/1/30,0
2012/1/30,0
2012/1/30,0
2012/1/30,0
2012/1/30,0
2012/1/30,0
2012/1/30,0
2012/1/30,0
2012/1/30,0
2012/1/30,0
2012/1/30,0
2012/1/30,0
2012/1/30,0
2012/1/30,0
2012/1/30,0
2012/1/30,0
2012/1/30,0
2012/1/30,0
2012/1/30,0
2012/1/30,0
2012/1/30,0
2012/1/30,0
2012/1/30,0
2012/1/31,0
2012/1/31,0
2012/1/31,0
2012/1/31,0
2012/1/31,0
2012/1/31,0
2012/1/31,0
2012/1/31,0
2012/1/31,0
2012/1/31,0
2012/1/31,0
2012/1/31,0
2012/1/31,0
2012/1/31,0
2012/1/31,0
2012/1/31,0
2012/1/31,0
2012/1/31,0
2012/1/31,0
2012/1/31,0
2012/1/31,0
2012/1/31,0
2012/1/31,0
2012/1/31,0
2012/2/20,0
2012/2/20,0
2012/2/20,0
2012/2/20,0
2012/2/20,0
2012/2/20,0
2012/2/20,0
2012/2/20,0
2012/2/20,0
2012/2/20,0
2012/2/20,0
2012/2/20,0
2012/2/20,0
2012/2/20,0
2012/2/20,0
2012/2/20,0
2012/2/20,0
2012/2/20,0
2012/2/20,0
2012/2/20,0
2012/2/20,0
2012/2/20,0
2012/2/20,0
2012/2/21,0
2012/2/21,0
2012/2/21,0
2012/2/21,0
2012/2/21,0
2012/2/21,0
2012/2/21,0
2012/2/21,0
2012/2/21,0
2012/2/21,0
2012/2/21,0
2012/2/21,0
2012/2/21,0
2012/2/21,0
2012/2/21,0
2012/2/21,0
2012/2/21,0
2012/2/21,0
2012/2/21,0
2012/2/21,0
2012/2/21,0
2012/2/21,0
2012/2/21,0
2012/2/22,0
2012/2/22,0
2012/2/22,0
2012/2/22,0
2012/2/22,0
2012/2/22,0
2012/2/22,0
2012/2/22,0
2012/2/22,0
2012/2/22,0
2012/2/22,0
2012/2/22,0
2012/2/22,0
2012/2/22,0
2012/2/22,0
2012/2/22,0
2012/2/22,0
2012/2/22,0
2012/2/22,0
2012/2/22,0
2012/2/22,0
2012/2/22,0
2012/2/22,0
2012/2/22,0
2012/2/23,0
2012/2/23,0
2012/2/23,0
2012/2/23,0
2012/2/23,0
2012/2/23,0
2012/2/23,0
2012/2/23,0
2012/2/23,0
2012/2/23,0
2012/2/23,0
2012/2/23,0
2012/2/23,0
2012/2/23,0
2012/2/23,0
2012/2/23,0
2012/2/23,0
2012/2/23,0
2012/2/23,0
2012/2/23,0
2012/2/23,0
2012/2/23,0
2012/2/23,0
2012/2/23,0
2012/2/24,0
2012/2/24,0
2012/2/24,0
2012/2/24,0
2012/2/24,0
2012/2/24,0
2012/2/24,0
2012/2/24,0
2012/2/24,0
2012/2/24,0
2012/2/24,0
2012/2/24,0
2012/2/24,0
2012/2/24,0
2012/2/24,0
2012/2/24,0
2012/2/24,0
2012/2/24,0
2012/2/24,0
2012/2/24,0
2012/2/24,0
2012/2/24,0
2012/2/24,0
2012/2/24,0
2012/2/25,0
2012/2/25,0
2012/2/25,0
2012/2/25,0
2012/2/25,0
2012/2/25,0
2012/2/25,0
2012/2/25,0
2012/2/25,0
2012/2/25,0
2012/2/25,0
2012/2/25,0
2012/2/25,0
2012/2/25,0
2012/2/25,0
2012/2/25,0
2012/2/25,0
2012/2/25,0
2012/2/25,0
2012/2/25,0
2012/2/25,0
2012/2/25,0
2012/2/25,0
2012/2/25,0
2012/2/26,0
2012/2/26,0
2012/2/26,0
2012/2/26,0
2012/2/26,0
2012/2/26,0
2012/2/26,0
2012/2/26,0
2012/2/26,0
2012/2/26,0
2012/2/26,0
2012/2/26,0
2012/2/26,0
2012/2/26,0
2012/2/26,0
2012/2/26,0
2012/2/26,0
2012/2/26,0
2012/2/26,0
2012/2/26,0
2012/2/26,0
2012/2/26,0
2012/2/26,0
2012/2/26,0
2012/2/27,0
2012/2/27,0
2012/2/27,0
2012/2/27,0
2012/2/27,0
2012/2/27,0
2012/2/27,0
2012/2/27,0
2012/2/27,0
2012/2/27,0
2012/2/27,0
2012/2/27,0
2012/2/27,0
2012/2/27,0
2012/2/27,0
2012/2/27,0
2012/2/27,0
2012/2/27,0
2012/2/27,0
2012/2/27,0
2012/2/27,0
2012/2/27,0
2012/2/27,0
2012/2/27,0
2012/2/28,0
2012/2/28,0
2012/2/28,0
2012/2/28,0
2012/2/28,0
2012/2/28,0
2012/2/28,0
2012/2/28,0
2012/2/28,0
2012/2/28,0
2012/2/28,0
2012/2/28,0
2012/2/28,0
2012/2/28,0
2012/2/28,0
2012/2/28,0
2012/2/28,0
2012/2/28,0
2012/2/28,0
2012/2/28,0
2012/2/28,0
2012/2/28,0
2012/2/28,0
2012/2/28,0
2012/2/29,0
2012/2/29,0
2012/2/29,0
2012/2/29,0
2012/2/29,0
2012/2/29,0
2012/2/29,0
2012/2/29,0
2012/2/29,0
2012/2/29,0
2012/2/29,0
2012/2/29,0
2012/2/29,0
2012/2/29,0
2012/2/29,0
2012/2/29,0
2012/2/29,0
2012/2/29,0
2012/2/29,0
2012/2/29,0
2012/2/29,0
2012/2/29,0
2012/2/29,0
2012/3/20,0
2012/3/20,0
2012/3/20,0
2012/3/20,0
2012/3/20,0
2012/3/20,0
2012/3/20,0
2012/3/20,0
2012/3/20,0
2012/3/20,0
2012/3/20,0
2012/3/20,0
2012/3/20,0
2012/3/20,0
2012/3/20,0
2012/3/20,0
2012/3/20,0
2012/3/20,0
2012/3/20,0
2012/3/20,0
2012/3/20,0
2012/3/20,0
2012/3/20,0
2012/3/20,0
2012/3/21,0
2012/3/21,0
2012/3/21,0
2012/3/21,0
2012/3/21,0
2012/3/21,0
2012/3/21,0
2012/3/21,0
2012/3/21,0
2012/3/21,0
2012/3/21,0
2012/3/21,0
2012/3/21,0
2012/3/21,0
2012/3/21,0
2012/3/21,0
2012/3/21,0
2012/3/21,0
2012/3/21,0
2012/3/21,0
2012/3/21,0
2012/3/21,0
2012/3/21,0
2012/3/21,0
2012/3/22,0
2012/3/22,0
2012/3/22,0
2012/3/22,0
2012/3/22,0
2012/3/22,0
2012/3/22,0
2012/3/22,0
2012/3/22,0
2012/3/22,0
2012/3/22,0
2012/3/22,0
2012/3/22,0
2012/3/22,0
2012/3/22,0
2012/3/22,0
2012/3/22,0
2012/3/22,0
2012/3/22,0
2012/3/22,0
2012/3/22,0
2012/3/22,0
2012/3/22,0
2012/3/22,0
2012/3/23,0
2012/3/23,0
2012/3/23,0
2012/3/23,0
2012/3/23,0
2012/3/23,0
2012/3/23,0
2012/3/23,0
2012/3/23,0
2012/3/23,0
2012/3/23,0
2012/3/23,0
2012/3/23,0
2012/3/23,0
2012/3/23,0
2012/3/23,0
2012/3/23,0
2012/3/23,0
2012/3/23,0
2012/3/23,0
2012/3/23,0
2012/3/23,0
2012/3/23,0
2012/3/23,0
2012/3/24,0
2012/3/24,0
2012/3/24,0
2012/3/24,0
2012/3/24,0
2012/3/24,0
2012/3/24,0
2012/3/24,0
2012/3/24,0
2012/3/24,0
2012/3/24,0
2012/3/24,0
2012/3/24,0
2012/3/24,0
2012/3/24,0
2012/3/24,0
2012/3/24,0
2012/3/24,0
2012/3/24,0
2012/3/24,0
2012/3/24,0
2012/3/24,0
2012/3/24,0
2012/3/24,0
2012/3/25,0
2012/3/25,0
2012/3/25,0
2012/3/25,0
2012/3/25,0
2012/3/25,0
2012/3/25,0
2012/3/25,0
2012/3/25,0
2012/3/25,0
2012/3/25,0
2012/3/25,0
2012/3/25,0
2012/3/25,0
2012/3/25,0
2012/3/25,0
2012/3/25,0
2012/3/25,0
2012/3/25,0
2012/3/25,0
2012/3/25,0
2012/3/25,0
2012/3/25,0
2012/3/25,0
2012/3/26,0
2012/3/26,0
2012/3/26,0
2012/3/26,0
2012/3/26,0
2012/3/26,0
2012/3/26,0
2012/3/26,0
2012/3/26,0
2012/3/26,0
2012/3/26,0
2012/3/26,0
2012/3/26,0
2012/3/26,0
2012/3/26,0
2012/3/26,0
2012/3/26,0
2012/3/26,0
2012/3/26,0
2012/3/26,0
2012/3/26,0
2012/3/26,0
2012/3/26,0
2012/3/26,0
2012/3/27,0
2012/3/27,0
2012/3/27,0
2012/3/27,0
2012/3/27,0
2012/3/27,0
2012/3/27,0
2012/3/27,0
2012/3/27,0
2012/3/27,0
2012/3/27,0
2012/3/27,0
2012/3/27,0
2012/3/27,0
2012/3/27,0
2012/3/27,0
2012/3/27,0
2012/3/27,0
2012/3/27,0
2012/3/27,0
2012/3/27,0
2012/3/27,0
2012/3/27,0
2012/3/27,0
2012/3/28,0
2012/3/28,0
2012/3/28,0
2012/3/28,0
2012/3/28,0
2012/3/28,0
2012/3/28,0
2012/3/28,0
2012/3/28,0
2012/3/28,0
2012/3/28,0
2012/3/28,0
2012/3/28,0
2012/3/28,0
2012/3/28,0
2012/3/28,0
2012/3/28,0
2012/3/28,0
2012/3/28,0
2012/3/28,0
2012/3/28,0
2012/3/28,0
2012/3/28,0
2012/3/28,0
2012/3/29,0
2012/3/29,0
2012/3/29,0
2012/3/29,0
2012/3/29,0
2012/3/29,0
2012/3/29,0
2012/3/29,0
2012/3/29,0
2012/3/29,0
2012/3/29,0
2012/3/29,0
2012/3/29,0
2012/3/29,0
2012/3/29,0
2012/3/29,0
2012/3/29,0
2012/3/29,0
2012/3/29,0
2012/3/29,0
2012/3/29,0
2012/3/29,0
2012/3/29,0
2012/3/29,0
2012/3/30,0
2012/3/30,0
2012/3/30,0
2012/3/30,0
2012/3/30,0
2012/3/30,0
2012/3/30,0
2012/3/30,0
2012/3/30,0
2012/3/30,0
2012/3/30,0
2012/3/30,0
2012/3/30,0
2012/3/30,0
2012/3/30,0
2012/3/30,0
2012/3/30,0
2012/3/30,0
2012/3/30,0
2012/3/30,0
2012/3/30,0
2012/3/30,0
2012/3/30,0
2012/3/30,0
2012/3/31,0
2012/3/31,0
2012/3/31,0
2012/3/31,0
2012/3/31,0
2012/3/31,0
2012/3/31,0
2012/3/31,0
2012/3/31,0
2012/3/31,0
2012/3/31,0
2012/3/31,0
2012/3/31,0
2012/3/31,0
2012/3/31,0
2012/3/31,0
2012/3/31,0
2012/3/31,0
2012/3/31,0
2012/3/31,0
2012/3/31,0
2012/3/31,0
2012/3/31,0
2012/3/31,0
2012/4/20,0
2012/4/20,0
2012/4/20,0
2012/4/20,0
2012/4/20,0
2012/4/20,0
2012/4/20,0
2012/4/20,0
2012/4/20,0
2012/4/20,0
2012/4/20,0
2012/4/20,0
2012/4/20,0
2012/4/20,0
2012/4/20,0
2012/4/20,0
2012/4/20,0
2012/4/20,0
2012/4/20,0
2012/4/20,0
2012/4/20,0
2012/4/20,0
2012/4/20,0
2012/4/20,0
2012/4/21,0
2012/4/21,0
2012/4/21,0
2012/4/21,0
2012/4/21,0
2012/4/21,0
2012/4/21,0
2012/4/21,0
2012/4/21,0
2012/4/21,0
2012/4/21,0
2012/4/21,0
2012/4/21,0
2012/4/21,0
2012/4/21,0
2012/4/21,0
2012/4/21,0
2012/4/21,0
2012/4/21,0
2012/4/21,0
2012/4/21,0
2012/4/21,0
2012/4/21,0
2012/4/21,0
2012/4/22,0
2012/4/22,0
2012/4/22,0
2012/4/22,0
2012/4/22,0
2012/4/22,0
2012/4/22,0
2012/4/22,0
2012/4/22,0
2012/4/22,0
2012/4/22,0
2012/4/22,0
2012/4/22,0
2012/4/22,0
2012/4/22,0
2012/4/22,0
2012/4/22,0
2012/4/22,0
2012/4/22,0
2012/4/22,0
2012/4/22,0
2012/4/22,0
2012/4/22,0
2012/4/22,0
2012/4/23,0
2012/4/23,0
2012/4/23,0
2012/4/23,0
2012/4/23,0
2012/4/23,0
2012/4/23,0
2012/4/23,0
2012/4/23,0
2012/4/23,0
2012/4/23,0
2012/4/23,0
2012/4/23,0
2012/4/23,0
2012/4/23,0
2012/4/23,0
2012/4/23,0
2012/4/23,0
2012/4/23,0
2012/4/23,0
2012/4/23,0
2012/4/23,0
2012/4/23,0
2012/4/23,0
2012/4/24,0
2012/4/24,0
2012/4/24,0
2012/4/24,0
2012/4/24,0
2012/4/24,0
2012/4/24,0
2012/4/24,0
2012/4/24,0
2012/4/24,0
2012/4/24,0
2012/4/24,0
2012/4/24,0
2012/4/24,0
2012/4/24,0
2012/4/24,0
2012/4/24,0
2012/4/24,0
2012/4/24,0
2012/4/24,0
2012/4/24,0
2012/4/24,0
2012/4/24,0
2012/4/24,0
2012/4/25,0
2012/4/25,0
2012/4/25,0
2012/4/25,0
2012/4/25,0
2012/4/25,0
2012/4/25,0
2012/4/25,0
2012/4/25,0
2012/4/25,0
2012/4/25,0
2012/4/25,0
2012/4/25,0
2012/4/25,0
2012/4/25,0
2012/4/25,0
2012/4/25,0
2012/4/25,0
2012/4/25,0
2012/4/25,0
2012/4/25,0
2012/4/25,0
2012/4/25,0
2012/4/25,0
2012/4/26,0
2012/4/26,0
2012/4/26,0
2012/4/26,0
2012/4/26,0
2012/4/26,0
2012/4/26,0
2012/4/26,0
2012/4/26,0
2012/4/26,0
2012/4/26,0
2012/4/26,0
2012/4/26,0
2012/4/26,0
2012/4/26,0
2012/4/26,0
2012/4/26,0
2012/4/26,0
2012/4/26,0
2012/4/26,0
2012/4/26,0
2012/4/26,0
2012/4/26,0
2012/4/26,0
2012/4/27,0
2012/4/27,0
2012/4/27,0
2012/4/27,0
2012/4/27,0
2012/4/27,0
2012/4/27,0
2012/4/27,0
2012/4/27,0
2012/4/27,0
2012/4/27,0
2012/4/27,0
2012/4/27,0
2012/4/27,0
2012/4/27,0
2012/4/27,0
2012/4/27,0
2012/4/27,0
2012/4/27,0
2012/4/27,0
2012/4/27,0
2012/4/27,0
2012/4/27,0
2012/4/27,0
2012/4/28,0
2012/4/28,0
2012/4/28,0
2012/4/28,0
2012/4/28,0
2012/4/28,0
2012/4/28,0
2012/4/28,0
2012/4/28,0
2012/4/28,0
2012/4/28,0
2012/4/28,0
2012/4/28,0
2012/4/28,0
2012/4/28,0
2012/4/28,0
2012/4/28,0
2012/4/28,0
2012/4/28,0
2012/4/28,0
2012/4/28,0
2012/4/28,0
2012/4/28,0
2012/4/28,0
2012/4/29,0
2012/4/29,0
2012/4/29,0
2012/4/29,0
2012/4/29,0
2012/4/29,0
2012/4/29,0
2012/4/29,0
2012/4/29,0
2012/4/29,0
2012/4/29,0
2012/4/29,0
2012/4/29,0
2012/4/29,0
2012/4/29,0
2012/4/29,0
2012/4/29,0
2012/4/29,0
2012/4/29,0
2012/4/29,0
2012/4/29,0
2012/4/29,0
2012/4/29,0
2012/4/29,0
2012/4/30,0
2012/4/30,0
2012/4/30,0
2012/4/30,0
2012/4/30,0
2012/4/30,0
2012/4/30,0
2012/4/30,0
2012/4/30,0
2012/4/30,0
2012/4/30,0
2012/4/30,0
2012/4/30,0
2012/4/30,0
2012/4/30,0
2012/4/30,0
2012/4/30,0
2012/4/30,0
2012/4/30,0
2012/4/30,0
2012/4/30,0
2012/4/30,0
2012/4/30,0
2012/4/30,0
2012/5/20,0
2012/5/20,0
2012/5/20,0
2012/5/20,0
2012/5/20,0
2012/5/20,0
2012/5/20,0
2012/5/20,0
2012/5/20,0
2012/5/20,0
2012/5/20,0
2012/5/20,0
2012/5/20,0
2012/5/20,0
2012/5/20,0
2012/5/20,0
2012/5/20,0
2012/5/20,0
2012/5/20,0
2012/5/20,0
2012/5/20,0
2012/5/20,0
2012/5/20,0
2012/5/20,0
2012/5/21,0
2012/5/21,0
2012/5/21,0
2012/5/21,0
2012/5/21,0
2012/5/21,0
2012/5/21,0
2012/5/21,0
2012/5/21,0
2012/5/21,0
2012/5/21,0
2012/5/21,0
2012/5/21,0
2012/5/21,0
2012/5/21,0
2012/5/21,0
2012/5/21,0
2012/5/21,0
2012/5/21,0
2012/5/21,0
2012/5/21,0
2012/5/21,0
2012/5/21,0
2012/5/21,0
2012/5/22,0
2012/5/22,0
2012/5/22,0
2012/5/22,0
2012/5/22,0
2012/5/22,0
2012/5/22,0
2012/5/22,0
2012/5/22,0
2012/5/22,0
2012/5/22,0
2012/5/22,0
2012/5/22,0
2012/5/22,0
2012/5/22,0
2012/5/22,0
2012/5/22,0
2012/5/22,0
2012/5/22,0
2012/5/22,0
2012/5/22,0
2012/5/22,0
2012/5/22,0
2012/5/22,0
2012/5/23,0
2012/5/23,0
2012/5/23,0
2012/5/23,0
2012/5/23,0
2012/5/23,0
2012/5/23,0
2012/5/23,0
2012/5/23,0
2012/5/23,0
2012/5/23,0
2012/5/23,0
2012/5/23,0
2012/5/23,0
2012/5/23,0
2012/5/23,0
2012/5/23,0
2012/5/23,0
2012/5/23,0
2012/5/23,0
2012/5/23,0
2012/5/23,0
2012/5/23,0
2012/5/23,0
2012/5/24,0
2012/5/24,0
2012/5/24,0
2012/5/24,0
2012/5/24,0
2012/5/24,0
2012/5/24,0
2012/5/24,0
2012/5/24,0
2012/5/24,0
2012/5/24,0
2012/5/24,0
2012/5/24,0
2012/5/24,0
2012/5/24,0
2012/5/24,0
2012/5/24,0
2012/5/24,0
2012/5/24,0
2012/5/24,0
2012/5/24,0
2012/5/24,0
2012/5/24,0
2012/5/24,0
2012/5/25,0
2012/5/25,0
2012/5/25,0
2012/5/25,0
2012/5/25,0
2012/5/25,0
2012/5/25,0
2012/5/25,0
2012/5/25,0
2012/5/25,0
2012/5/25,0
2012/5/25,0
2012/5/25,0
2012/5/25,0
2012/5/25,0
2012/5/25,0
2012/5/25,0
2012/5/25,0
2012/5/25,0
2012/5/25,0
2012/5/25,0
2012/5/25,0
2012/5/25,0
2012/5/25,0
2012/5/26,0
2012/5/26,0
2012/5/26,0
2012/5/26,0
2012/5/26,0
2012/5/26,0
2012/5/26,0
2012/5/26,0
2012/5/26,0
2012/5/26,0
2012/5/26,0
2012/5/26,0
2012/5/26,0
2012/5/26,0
2012/5/26,0
2012/5/26,0
2012/5/26,0
2012/5/26,0
2012/5/26,0
2012/5/26,0
2012/5/26,0
2012/5/26,0
2012/5/26,0
2012/5/26,0
2012/5/27,0
2012/5/27,0
2012/5/27,0
2012/5/27,0
2012/5/27,0
2012/5/27,0
2012/5/27,0
2012/5/27,0
2012/5/27,0
2012/5/27,0
2012/5/27,0
2012/5/27,0
2012/5/27,0
2012/5/27,0
2012/5/27,0
2012/5/27,0
2012/5/27,0
2012/5/27,0
2012/5/27,0
2012/5/27,0
2012/5/27,0
2012/5/27,0
2012/5/27,0
2012/5/27,0
2012/5/28,0
2012/5/28,0
2012/5/28,0
2012/5/28,0
2012/5/28,0
2012/5/28,0
2012/5/28,0
2012/5/28,0
2012/5/28,0
2012/5/28,0
2012/5/28,0
2012/5/28,0
2012/5/28,0
2012/5/28,0
2012/5/28,0
2012/5/28,0
2012/5/28,0
2012/5/28,0
2012/5/28,0
2012/5/28,0
2012/5/28,0
2012/5/28,0
2012/5/28,0
2012/5/28,0
2012/5/29,0
2012/5/29,0
2012/5/29,0
2012/5/29,0
2012/5/29,0
2012/5/29,0
2012/5/29,0
2012/5/29,0
2012/5/29,0
2012/5/29,0
2012/5/29,0
2012/5/29,0
2012/5/29,0
2012/5/29,0
2012/5/29,0
2012/5/29,0
2012/5/29,0
2012/5/29,0
2012/5/29,0
2012/5/29,0
2012/5/29,0
2012/5/29,0
2012/5/29,0
2012/5/29,0
2012/5/30,0
2012/5/30,0
2012/5/30,0
2012/5/30,0
2012/5/30,0
2012/5/30,0
2012/5/30,0
2012/5/30,0
2012/5/30,0
2012/5/30,0
2012/5/30,0
2012/5/30,0
2012/5/30,0
2012/5/30,0
2012/5/30,0
2012/5/30,0
2012/5/30,0
2012/5/30,0
2012/5/30,0
2012/5/30,0
2012/5/30,0
2012/5/30,0
2012/5/30,0
2012/5/30,0
2012/5/31,0
2012/5/31,0
2012/5/31,0
2012/5/31,0
2012/5/31,0
2012/5/31,0
2012/5/31,0
2012/5/31,0
2012/5/31,0
2012/5/31,0
2012/5/31,0
2012/5/31,0
2012/5/31,0
2012/5/31,0
2012/5/31,0
2012/5/31,0
2012/5/31,0
2012/5/31,0
2012/5/31,0
2012/5/31,0
2012/5/31,0
2012/5/31,0
2012/5/31,0
2012/5/31,0
2012/6/20,0
2012/6/20,0
2012/6/20,0
2012/6/20,0
2012/6/20,0
2012/6/20,0
2012/6/20,0
2012/6/20,0
2012/6/20,0
2012/6/20,0
2012/6/20,0
2012/6/20,0
2012/6/20,0
2012/6/20,0
2012/6/20,0
2012/6/20,0
2012/6/20,0
2012/6/20,0
2012/6/20,0
2012/6/20,0
2012/6/20,0
2012/6/20,0
2012/6/20,0
2012/6/20,0
2012/6/21,0
2012/6/21,0
2012/6/21,0
2012/6/21,0
2012/6/21,0
2012/6/21,0
2012/6/21,0
2012/6/21,0
2012/6/21,0
2012/6/21,0
2012/6/21,0
2012/6/21,0
2012/6/21,0
2012/6/21,0
2012/6/21,0
2012/6/21,0
2012/6/21,0
2012/6/21,0
2012/6/21,0
2012/6/21,0
2012/6/21,0
2012/6/21,0
2012/6/21,0
2012/6/21,0
2012/6/22,0
2012/6/22,0
2012/6/22,0
2012/6/22,0
2012/6/22,0
2012/6/22,0
2012/6/22,0
2012/6/22,0
2012/6/22,0
2012/6/22,0
2012/6/22,0
2012/6/22,0
2012/6/22,0
2012/6/22,0
2012/6/22,0
2012/6/22,0
2012/6/22,0
2012/6/22,0
2012/6/22,0
2012/6/22,0
2012/6/22,0
2012/6/22,0
2012/6/22,0
2012/6/22,0
2012/6/23,0
2012/6/23,0
2012/6/23,0
2012/6/23,0
2012/6/23,0
2012/6/23,0
2012/6/23,0
2012/6/23,0
2012/6/23,0
2012/6/23,0
2012/6/23,0
2012/6/23,0
2012/6/23,0
2012/6/23,0
2012/6/23,0
2012/6/23,0
2012/6/23,0
2012/6/23,0
2012/6/23,0
2012/6/23,0
2012/6/23,0
2012/6/23,0
2012/6/23,0
2012/6/23,0
2012/6/24,0
2012/6/24,0
2012/6/24,0
2012/6/24,0
2012/6/24,0
2012/6/24,0
2012/6/24,0
2012/6/24,0
2012/6/24,0
2012/6/24,0
2012/6/24,0
2012/6/24,0
2012/6/24,0
2012/6/24,0
2012/6/24,0
2012/6/24,0
2012/6/24,0
2012/6/24,0
2012/6/24,0
2012/6/24,0
2012/6/24,0
2012/6/24,0
2012/6/24,0
2012/6/24,0
2012/6/25,0
2012/6/25,0
2012/6/25,0
2012/6/25,0
2012/6/25,0
2012/6/25,0
2012/6/25,0
2012/6/25,0
2012/6/25,0
2012/6/25,0
2012/6/25,0
2012/6/25,0
2012/6/25,0
2012/6/25,0
2012/6/25,0
2012/6/25,0
2012/6/25,0
2012/6/25,0
2012/6/25,0
2012/6/25,0
2012/6/25,0
2012/6/25,0
2012/6/25,0
2012/6/25,0
2012/6/26,0
2012/6/26,0
2012/6/26,0
2012/6/26,0
2012/6/26,0
2012/6/26,0
2012/6/26,0
2012/6/26,0
2012/6/26,0
2012/6/26,0
2012/6/26,0
2012/6/26,0
2012/6/26,0
2012/6/26,0
2012/6/26,0
2012/6/26,0
2012/6/26,0
2012/6/26,0
2012/6/26,0
2012/6/26,0
2012/6/26,0
2012/6/26,0
2012/6/26,0
2012/6/26,0
2012/6/27,0
2012/6/27,0
2012/6/27,0
2012/6/27,0
2012/6/27,0
2012/6/27,0
2012/6/27,0
2012/6/27,0
2012/6/27,0
2012/6/27,0
2012/6/27,0
2012/6/27,0
2012/6/27,0
2012/6/27,0
2012/6/27,0
2012/6/27,0
2012/6/27,0
2012/6/27,0
2012/6/27,0
2012/6/27,0
2012/6/27,0
2012/6/27,0
2012/6/27,0
2012/6/27,0
2012/6/28,0
2012/6/28,0
2012/6/28,0
2012/6/28,0
2012/6/28,0
2012/6/28,0
2012/6/28,0
2012/6/28,0
2012/6/28,0
2012/6/28,0
2012/6/28,0
2012/6/28,0
2012/6/28,0
2012/6/28,0
2012/6/28,0
2012/6/28,0
2012/6/28,0
2012/6/28,0
2012/6/28,0
2012/6/28,0
2012/6/28,0
2012/6/28,0
2012/6/28,0
2012/6/28,0
2012/6/29,0
2012/6/29,0
2012/6/29,0
2012/6/29,0
2012/6/29,0
2012/6/29,0
2012/6/29,0
2012/6/29,0
2012/6/29,0
2012/6/29,0
2012/6/29,0
2012/6/29,0
2012/6/29,0
2012/6/29,0
2012/6/29,0
2012/6/29,0
2012/6/29,0
2012/6/29,0
2012/6/29,0
2012/6/29,0
2012/6/29,0
2012/6/29,0
2012/6/29,0
2012/6/29,0
2012/6/30,0
2012/6/30,0
2012/6/30,0
2012/6/30,0
2012/6/30,0
2012/6/30,0
2012/6/30,0
2012/6/30,0
2012/6/30,0
2012/6/30,0
2012/6/30,0
2012/6/30,0
2012/6/30,0
2012/6/30,0
2012/6/30,0
2012/6/30,0
2012/6/30,0
2012/6/30,0
2012/6/30,0
2012/6/30,0
2012/6/30,0
2012/6/30,0
2012/6/30,0
2012/6/30,0
2012/7/20,0
2012/7/20,0
2012/7/20,0
2012/7/20,0
2012/7/20,0
2012/7/20,0
2012/7/20,0
2012/7/20,0
2012/7/20,0
2012/7/20,0
2012/7/20,0
2012/7/20,0
2012/7/20,0
2012/7/20,0
2012/7/20,0
2012/7/20,0
2012/7/20,0
2012/7/20,0
2012/7/20,0
2012/7/20,0
2012/7/20,0
2012/7/20,0
2012/7/20,0
2012/7/20,0
2012/7/21,0
2012/7/21,0
2012/7/21,0
2012/7/21,0
2012/7/21,0
2012/7/21,0
2012/7/21,0
2012/7/21,0
2012/7/21,0
2012/7/21,0
2012/7/21,0
2012/7/21,0
2012/7/21,0
2012/7/21,0
2012/7/21,0
2012/7/21,0
2012/7/21,0
2012/7/21,0
2012/7/21,0
2012/7/21,0
2012/7/21,0
2012/7/21,0
2012/7/21,0
2012/7/21,0
2012/7/22,0
2012/7/22,0
2012/7/22,0
2012/7/22,0
2012/7/22,0
2012/7/22,0
2012/7/22,0
2012/7/22,0
2012/7/22,0
2012/7/22,0
2012/7/22,0
2012/7/22,0
2012/7/22,0
2012/7/22,0
2012/7/22,0
2012/7/22,0
2012/7/22,0
2012/7/22,0
2012/7/22,0
2012/7/22,0
2012/7/22,0
2012/7/22,0
2012/7/22,0
2012/7/22,0
2012/7/23,0
2012/7/23,0
2012/7/23,0
2012/7/23,0
2012/7/23,0
2012/7/23,0
2012/7/23,0
2012/7/23,0
2012/7/23,0
2012/7/23,0
2012/7/23,0
2012/7/23,0
2012/7/23,0
2012/7/23,0
2012/7/23,0
2012/7/23,0
2012/7/23,0
2012/7/23,0
2012/7/23,0
2012/7/23,0
2012/7/23,0
2012/7/23,0
2012/7/23,0
2012/7/23,0
2012/7/24,0
2012/7/24,0
2012/7/24,0
2012/7/24,0
2012/7/24,0
2012/7/24,0
2012/7/24,0
2012/7/24,0
2012/7/24,0
2012/7/24,0
2012/7/24,0
2012/7/24,0
2012/7/24,0
2012/7/24,0
2012/7/24,0
2012/7/24,0
2012/7/24,0
2012/7/24,0
2012/7/24,0
2012/7/24,0
2012/7/24,0
2012/7/24,0
2012/7/24,0
2012/7/24,0
2012/7/25,0
2012/7/25,0
2012/7/25,0
2012/7/25,0
2012/7/25,0
2012/7/25,0
2012/7/25,0
2012/7/25,0
2012/7/25,0
2012/7/25,0
2012/7/25,0
2012/7/25,0
2012/7/25,0
2012/7/25,0
2012/7/25,0
2012/7/25,0
2012/7/25,0
2012/7/25,0
2012/7/25,0
2012/7/25,0
2012/7/25,0
2012/7/25,0
2012/7/25,0
2012/7/25,0
2012/7/26,0
2012/7/26,0
2012/7/26,0
2012/7/26,0
2012/7/26,0
2012/7/26,0
2012/7/26,0
2012/7/26,0
2012/7/26,0
2012/7/26,0
2012/7/26,0
2012/7/26,0
2012/7/26,0
2012/7/26,0
2012/7/26,0
2012/7/26,0
2012/7/26,0
2012/7/26,0
2012/7/26,0
2012/7/26,0
2012/7/26,0
2012/7/26,0
2012/7/26,0
2012/7/26,0
2012/7/27,0
2012/7/27,0
2012/7/27,0
2012/7/27,0
2012/7/27,0
2012/7/27,0
2012/7/27,0
2012/7/27,0
2012/7/27,0
2012/7/27,0
2012/7/27,0
2012/7/27,0
2012/7/27,0
2012/7/27,0
2012/7/27,0
2012/7/27,0
2012/7/27,0
2012/7/27,0
2012/7/27,0
2012/7/27,0
2012/7/27,0
2012/7/27,0
2012/7/27,0
2012/7/27,0
2012/7/28,0
2012/7/28,0
2012/7/28,0
2012/7/28,0
2012/7/28,0
2012/7/28,0
2012/7/28,0
2012/7/28,0
2012/7/28,0
2012/7/28,0
2012/7/28,0
2012/7/28,0
2012/7/28,0
2012/7/28,0
2012/7/28,0
2012/7/28,0
2012/7/28,0
2012/7/28,0
2012/7/28,0
2012/7/28,0
2012/7/28,0
2012/7/28,0
2012/7/28,0
2012/7/28,0
2012/7/29,0
2012/7/29,0
2012/7/29,0
2012/7/29,0
2012/7/29,0
2012/7/29,0
2012/7/29,0
2012/7/29,0
2012/7/29,0
2012/7/29,0
2012/7/29,0
2012/7/29,0
2012/7/29,0
2012/7/29,0
2012/7/29,0
2012/7/29,0
2012/7/29,0
2012/7/29,0
2012/7/29,0
2012/7/29,0
2012/7/29,0
2012/7/29,0
2012/7/29,0
2012/7/29,0
2012/7/30,0
2012/7/30,0
2012/7/30,0
2012/7/30,0
2012/7/30,0
2012/7/30,0
2012/7/30,0
2012/7/30,0
2012/7/30,0
2012/7/30,0
2012/7/30,0
2012/7/30,0
2012/7/30,0
2012/7/30,0
2012/7/30,0
2012/7/30,0
2012/7/30,0
2012/7/30,0
2012/7/30,0
2012/7/30,0
2012/7/30,0
2012/7/30,0
2012/7/30,0
2012/7/30,0
2012/7/31,0
2012/7/31,0
2012/7/31,0
2012/7/31,0
2012/7/31,0
2012/7/31,0
2012/7/31,0
2012/7/31,0
2012/7/31,0
2012/7/31,0
2012/7/31,0
2012/7/31,0
2012/7/31,0
2012/7/31,0
2012/7/31,0
2012/7/31,0
2012/7/31,0
2012/7/31,0
2012/7/31,0
2012/7/31,0
2012/7/31,0
2012/7/31,0
2012/7/31,0
2012/7/31,0
2012/8/20,0
2012/8/20,0
2012/8/20,0
2012/8/20,0
2012/8/20,0
2012/8/20,0
2012/8/20,0
2012/8/20,0
2012/8/20,0
2012/8/20,0
2012/8/20,0
2012/8/20,0
2012/8/20,0
2012/8/20,0
2012/8/20,0
2012/8/20,0
2012/8/20,0
2012/8/20,0
2012/8/20,0
2012/8/20,0
2012/8/20,0
2012/8/20,0
2012/8/20,0
2012/8/20,0
2012/8/21,0
2012/8/21,0
2012/8/21,0
2012/8/21,0
2012/8/21,0
2012/8/21,0
2012/8/21,0
2012/8/21,0
2012/8/21,0
2012/8/21,0
2012/8/21,0
2012/8/21,0
2012/8/21,0
2012/8/21,0
2012/8/21,0
2012/8/21,0
2012/8/21,0
2012/8/21,0
2012/8/21,0
2012/8/21,0
2012/8/21,0
2012/8/21,0
2012/8/21,0
2012/8/21,0
2012/8/22,0
2012/8/22,0
2012/8/22,0
2012/8/22,0
2012/8/22,0
2012/8/22,0
2012/8/22,0
2012/8/22,0
2012/8/22,0
2012/8/22,0
2012/8/22,0
2012/8/22,0
2012/8/22,0
2012/8/22,0
2012/8/22,0
2012/8/22,0
2012/8/22,0
2012/8/22,0
2012/8/22,0
2012/8/22,0
2012/8/22,0
2012/8/22,0
2012/8/22,0
2012/8/22,0
2012/8/23,0
2012/8/23,0
2012/8/23,0
2012/8/23,0
2012/8/23,0
2012/8/23,0
2012/8/23,0
2012/8/23,0
2012/8/23,0
2012/8/23,0
2012/8/23,0
2012/8/23,0
2012/8/23,0
2012/8/23,0
2012/8/23,0
2012/8/23,0
2012/8/23,0
2012/8/23,0
2012/8/23,0
2012/8/23,0
2012/8/23,0
2012/8/23,0
2012/8/23,0
2012/8/23,0
2012/8/24,0
2012/8/24,0
2012/8/24,0
2012/8/24,0
2012/8/24,0
2012/8/24,0
2012/8/24,0
2012/8/24,0
2012/8/24,0
2012/8/24,0
2012/8/24,0
2012/8/24,0
2012/8/24,0
2012/8/24,0
2012/8/24,0
2012/8/24,0
2012/8/24,0
2012/8/24,0
2012/8/24,0
2012/8/24,0
2012/8/24,0
2012/8/24,0
2012/8/24,0
2012/8/24,0
2012/8/25,0
2012/8/25,0
2012/8/25,0
2012/8/25,0
2012/8/25,0
2012/8/25,0
2012/8/25,0
2012/8/25,0
2012/8/25,0
2012/8/25,0
2012/8/25,0
2012/8/25,0
2012/8/25,0
2012/8/25,0
2012/8/25,0
2012/8/25,0
2012/8/25,0
2012/8/25,0
2012/8/25,0
2012/8/25,0
2012/8/25,0
2012/8/25,0
2012/8/25,0
2012/8/25,0
2012/8/26,0
2012/8/26,0
2012/8/26,0
2012/8/26,0
2012/8/26,0
2012/8/26,0
2012/8/26,0
2012/8/26,0
2012/8/26,0
2012/8/26,0
2012/8/26,0
2012/8/26,0
2012/8/26,0
2012/8/26,0
2012/8/26,0
2012/8/26,0
2012/8/26,0
2012/8/26,0
2012/8/26,0
2012/8/26,0
2012/8/26,0
2012/8/26,0
2012/8/26,0
2012/8/26,0
2012/8/27,0
2012/8/27,0
2012/8/27,0
2012/8/27,0
2012/8/27,0
2012/8/27,0
2012/8/27,0
2012/8/27,0
2012/8/27,0
2012/8/27,0
2012/8/27,0
2012/8/27,0
2012/8/27,0
2012/8/27,0
2012/8/27,0
2012/8/27,0
2012/8/27,0
2012/8/27,0
2012/8/27,0
2012/8/27,0
2012/8/27,0
2012/8/27,0
2012/8/27,0
2012/8/27,0
2012/8/28,0
2012/8/28,0
2012/8/28,0
2012/8/28,0
2012/8/28,0
2012/8/28,0
2012/8/28,0
2012/8/28,0
2012/8/28,0
2012/8/28,0
2012/8/28,0
2012/8/28,0
2012/8/28,0
2012/8/28,0
2012/8/28,0
2012/8/28,0
2012/8/28,0
2012/8/28,0
2012/8/28,0
2012/8/28,0
2012/8/28,0
2012/8/28,0
2012/8/28,0
2012/8/28,0
2012/8/29,0
2012/8/29,0
2012/8/29,0
2012/8/29,0
2012/8/29,0
2012/8/29,0
2012/8/29,0
2012/8/29,0
2012/8/29,0
2012/8/29,0
2012/8/29,0
2012/8/29,0
2012/8/29,0
2012/8/29,0
2012/8/29,0
2012/8/29,0
2012/8/29,0
2012/8/29,0
2012/8/29,0
2012/8/29,0
2012/8/29,0
2012/8/29,0
2012/8/29,0
2012/8/29,0
2012/8/30,0
2012/8/30,0
2012/8/30,0
2012/8/30,0
2012/8/30,0
2012/8/30,0
2012/8/30,0
2012/8/30,0
2012/8/30,0
2012/8/30,0
2012/8/30,0
2012/8/30,0
2012/8/30,0
2012/8/30,0
2012/8/30,0
2012/8/30,0
2012/8/30,0
2012/8/30,0
2012/8/30,0
2012/8/30,0
2012/8/30,0
2012/8/30,0
2012/8/30,0
2012/8/30,0
2012/8/31,0
2012/8/31,0
2012/8/31,0
2012/8/31,0
2012/8/31,0
2012/8/31,0
2012/8/31,0
2012/8/31,0
2012/8/31,0
2012/8/31,0
2012/8/31,0
2012/8/31,0
2012/8/31,0
2012/8/31,0
2012/8/31,0
2012/8/31,0
2012/8/31,0
2012/8/31,0
2012/8/31,0
2012/8/31,0
2012/8/31,0
2012/8/31,0
2012/8/31,0
2012/8/31,0
2012/9/20,0
2012/9/20,0
2012/9/20,0
2012/9/20,0
2012/9/20,0
2012/9/20,0
2012/9/20,0
2012/9/20,0
2012/9/20,0
2012/9/20,0
2012/9/20,0
2012/9/20,0
2012/9/20,0
2012/9/20,0
2012/9/20,0
2012/9/20,0
2012/9/20,0
2012/9/20,0
2012/9/20,0
2012/9/20,0
2012/9/20,0
2012/9/20,0
2012/9/20,0
2012/9/20,0
2012/9/21,0
2012/9/21,0
2012/9/21,0
2012/9/21,0
2012/9/21,0
2012/9/21,0
2012/9/21,0
2012/9/21,0
2012/9/21,0
2012/9/21,0
2012/9/21,0
2012/9/21,0
2012/9/21,0
2012/9/21,0
2012/9/21,0
2012/9/21,0
2012/9/21,0
2012/9/21,0
2012/9/21,0
2012/9/21,0
2012/9/21,0
2012/9/21,0
2012/9/21,0
2012/9/21,0
2012/9/22,0
2012/9/22,0
2012/9/22,0
2012/9/22,0
2012/9/22,0
2012/9/22,0
2012/9/22,0
2012/9/22,0
2012/9/22,0
2012/9/22,0
2012/9/22,0
2012/9/22,0
2012/9/22,0
2012/9/22,0
2012/9/22,0
2012/9/22,0
2012/9/22,0
2012/9/22,0
2012/9/22,0
2012/9/22,0
2012/9/22,0
2012/9/22,0
2012/9/22,0
2012/9/22,0
2012/9/23,0
2012/9/23,0
2012/9/23,0
2012/9/23,0
2012/9/23,0
2012/9/23,0
2012/9/23,0
2012/9/23,0
2012/9/23,0
2012/9/23,0
2012/9/23,0
2012/9/23,0
2012/9/23,0
2012/9/23,0
2012/9/23,0
2012/9/23,0
2012/9/23,0
2012/9/23,0
2012/9/23,0
2012/9/23,0
2012/9/23,0
2012/9/23,0
2012/9/23,0
2012/9/23,0
2012/9/24,0
2012/9/24,0
2012/9/24,0
2012/9/24,0
2012/9/24,0
2012/9/24,0
2012/9/24,0
2012/9/24,0
2012/9/24,0
2012/9/24,0
2012/9/24,0
2012/9/24,0
2012/9/24,0
2012/9/24,0
2012/9/24,0
2012/9/24,0
2012/9/24,0
2012/9/24,0
2012/9/24,0
2012/9/24,0
2012/9/24,0
2012/9/24,0
2012/9/24,0
2012/9/24,0
2012/9/25,0
2012/9/25,0
2012/9/25,0
2012/9/25,0
2012/9/25,0
2012/9/25,0
2012/9/25,0
2012/9/25,0
2012/9/25,0
2012/9/25,0
2012/9/25,0
2012/9/25,0
2012/9/25,0
2012/9/25,0
2012/9/25,0
2012/9/25,0
2012/9/25,0
2012/9/25,0
2012/9/25,0
2012/9/25,0
2012/9/25,0
2012/9/25,0
2012/9/25,0
2012/9/25,0
2012/9/26,0
2012/9/26,0
2012/9/26,0
2012/9/26,0
2012/9/26,0
2012/9/26,0
2012/9/26,0
2012/9/26,0
2012/9/26,0
2012/9/26,0
2012/9/26,0
2012/9/26,0
2012/9/26,0
2012/9/26,0
2012/9/26,0
2012/9/26,0
2012/9/26,0
2012/9/26,0
2012/9/26,0
2012/9/26,0
2012/9/26,0
2012/9/26,0
2012/9/26,0
2012/9/26,0
2012/9/27,0
2012/9/27,0
2012/9/27,0
2012/9/27,0
2012/9/27,0
2012/9/27,0
2012/9/27,0
2012/9/27,0
2012/9/27,0
2012/9/27,0
2012/9/27,0
2012/9/27,0
2012/9/27,0
2012/9/27,0
2012/9/27,0
2012/9/27,0
2012/9/27,0
2012/9/27,0
2012/9/27,0
2012/9/27,0
2012/9/27,0
2012/9/27,0
2012/9/27,0
2012/9/27,0
2012/9/28,0
2012/9/28,0
2012/9/28,0
2012/9/28,0
2012/9/28,0
2012/9/28,0
2012/9/28,0
2012/9/28,0
2012/9/28,0
2012/9/28,0
2012/9/28,0
2012/9/28,0
2012/9/28,0
2012/9/28,0
2012/9/28,0
2012/9/28,0
2012/9/28,0
2012/9/28,0
2012/9/28,0
2012/9/28,0
2012/9/28,0
2012/9/28,0
2012/9/28,0
2012/9/28,0
2012/9/29,0
2012/9/29,0
2012/9/29,0
2012/9/29,0
2012/9/29,0
2012/9/29,0
2012/9/29,0
2012/9/29,0
2012/9/29,0
2012/9/29,0
2012/9/29,0
2012/9/29,0
2012/9/29,0
2012/9/29,0
2012/9/29,0
2012/9/29,0
2012/9/29,0
2012/9/29,0
2012/9/29,0
2012/9/29,0
2012/9/29,0
2012/9/29,0
2012/9/29,0
2012/9/29,0
2012/9/30,0
2012/9/30,0
2012/9/30,0
2012/9/30,0
2012/9/30,0
2012/9/30,0
2012/9/30,0
2012/9/30,0
2012/9/30,0
2012/9/30,0
2012/9/30,0
2012/9/30,0
2012/9/30,0
2012/9/30,0
2012/9/30,0
2012/9/30,0
2012/9/30,0
2012/9/30,0
2012/9/30,0
2012/9/30,0
2012/9/30,0
2012/9/30,0
2012/9/30,0
2012/9/30,0
2012/10/20,0
2012/10/20,0
2012/10/20,0
2012/10/20,0
2012/10/20,0
2012/10/20,0
2012/10/20,0
2012/10/20,0
2012/10/20,0
2012/10/20,0
2012/10/20,0
2012/10/20,0
2012/10/20,0
2012/10/20,0
2012/10/20,0
2012/10/20,0
2012/10/20,0
2012/10/20,0
2012/10/20,0
2012/10/20,0
2012/10/20,0
2012/10/20,0
2012/10/20,0
2012/10/20,0
2012/10/21,0
2012/10/21,0
2012/10/21,0
2012/10/21,0
2012/10/21,0
2012/10/21,0
2012/10/21,0
2012/10/21,0
2012/10/21,0
2012/10/21,0
2012/10/21,0
2012/10/21,0
2012/10/21,0
2012/10/21,0
2012/10/21,0
2012/10/21,0
2012/10/21,0
2012/10/21,0
2012/10/21,0
2012/10/21,0
2012/10/21,0
2012/10/21,0
2012/10/21,0
2012/10/21,0
2012/10/22,0
2012/10/22,0
2012/10/22,0
2012/10/22,0
2012/10/22,0
2012/10/22,0
2012/10/22,0
2012/10/22,0
2012/10/22,0
2012/10/22,0
2012/10/22,0
2012/10/22,0
2012/10/22,0
2012/10/22,0
2012/10/22,0
2012/10/22,0
2012/10/22,0
2012/10/22,0
2012/10/22,0
2012/10/22,0
2012/10/22,0
2012/10/22,0
2012/10/22,0
2012/10/22,0
2012/10/23,0
2012/10/23,0
2012/10/23,0
2012/10/23,0
2012/10/23,0
2012/10/23,0
2012/10/23,0
2012/10/23,0
2012/10/23,0
2012/10/23,0
2012/10/23,0
2012/10/23,0
2012/10/23,0
2012/10/23,0
2012/10/23,0
2012/10/23,0
2012/10/23,0
2012/10/23,0
2012/10/23,0
2012/10/23,0
2012/10/23,0
2012/10/23,0
2012/10/23,0
2012/10/23,0
2012/10/24,0
2012/10/24,0
2012/10/24,0
2012/10/24,0
2012/10/24,0
2012/10/24,0
2012/10/24,0
2012/10/24,0
2012/10/24,0
2012/10/24,0
2012/10/24,0
2012/10/24,0
2012/10/24,0
2012/10/24,0
2012/10/24,0
2012/10/24,0
2012/10/24,0
2012/10/24,0
2012/10/24,0
2012/10/24,0
2012/10/24,0
2012/10/24,0
2012/10/24,0
2012/10/24,0
2012/10/25,0
2012/10/25,0
2012/10/25,0
2012/10/25,0
2012/10/25,0
2012/10/25,0
2012/10/25,0
2012/10/25,0
2012/10/25,0
2012/10/25,0
2012/10/25,0
2012/10/25,0
2012/10/25,0
2012/10/25,0
2012/10/25,0
2012/10/25,0
2012/10/25,0
2012/10/25,0
2012/10/25,0
2012/10/25,0
2012/10/25,0
2012/10/25,0
2012/10/25,0
2012/10/25,0
2012/10/26,0
2012/10/26,0
2012/10/26,0
2012/10/26,0
2012/10/26,0
2012/10/26,0
2012/10/26,0
2012/10/26,0
2012/10/26,0
2012/10/26,0
2012/10/26,0
2012/10/26,0
2012/10/26,0
2012/10/26,0
2012/10/26,0
2012/10/26,0
2012/10/26,0
2012/10/26,0
2012/10/26,0
2012/10/26,0
2012/10/26,0
2012/10/26,0
2012/10/26,0
2012/10/26,0
2012/10/27,0
2012/10/27,0
2012/10/27,0
2012/10/27,0
2012/10/27,0
2012/10/27,0
2012/10/27,0
2012/10/27,0
2012/10/27,0
2012/10/27,0
2012/10/27,0
2012/10/27,0
2012/10/27,0
2012/10/27,0
2012/10/27,0
2012/10/27,0
2012/10/27,0
2012/10/27,0
2012/10/27,0
2012/10/27,0
2012/10/27,0
2012/10/27,0
2012/10/27,0
2012/10/27,0
2012/10/28,0
2012/10/28,0
2012/10/28,0
2012/10/28,0
2012/10/28,0
2012/10/28,0
2012/10/28,0
2012/10/28,0
2012/10/28,0
2012/10/28,0
2012/10/28,0
2012/10/28,0
2012/10/28,0
2012/10/28,0
2012/10/28,0
2012/10/28,0
2012/10/28,0
2012/10/28,0
2012/10/28,0
2012/10/28,0
2012/10/28,0
2012/10/28,0
2012/10/28,0
2012/10/28,0
2012/10/29,0
2012/10/30,0
2012/10/30,0
2012/10/30,0
2012/10/30,0
2012/10/30,0
2012/10/30,0
2012/10/30,0
2012/10/30,0
2012/10/30,0
2012/10/30,0
2012/10/30,0
2012/10/31,0
2012/10/31,0
2012/10/31,0
2012/10/31,0
2012/10/31,0
2012/10/31,0
2012/10/31,0
2012/10/31,0
2012/10/31,0
2012/10/31,0
2012/10/31,0
2012/10/31,0
2012/10/31,0
2012/10/31,0
2012/10/31,0
2012/10/31,0
2012/10/31,0
2012/10/31,0
2012/10/31,0
2012/10/31,0
2012/10/31,0
2012/10/31,0
2012/10/31,0
2012/10/31,0
2012/11/20,0
2012/11/20,0
2012/11/20,0
2012/11/20,0
2012/11/20,0
2012/11/20,0
2012/11/20,0
2012/11/20,0
2012/11/20,0
2012/11/20,0
2012/11/20,0
2012/11/20,0
2012/11/20,0
2012/11/20,0
2012/11/20,0
2012/11/20,0
2012/11/20,0
2012/11/20,0
2012/11/20,0
2012/11/20,0
2012/11/20,0
2012/11/20,0
2012/11/20,0
2012/11/20,0
2012/11/21,0
2012/11/21,0
2012/11/21,0
2012/11/21,0
2012/11/21,0
2012/11/21,0
2012/11/21,0
2012/11/21,0
2012/11/21,0
2012/11/21,0
2012/11/21,0
2012/11/21,0
2012/11/21,0
2012/11/21,0
2012/11/21,0
2012/11/21,0
2012/11/21,0
2012/11/21,0
2012/11/21,0
2012/11/21,0
2012/11/21,0
2012/11/21,0
2012/11/21,0
2012/11/21,0
2012/11/22,0
2012/11/22,0
2012/11/22,0
2012/11/22,0
2012/11/22,0
2012/11/22,0
2012/11/22,0
2012/11/22,0
2012/11/22,0
2012/11/22,0
2012/11/22,0
2012/11/22,0
2012/11/22,0
2012/11/22,0
2012/11/22,0
2012/11/22,0
2012/11/22,0
2012/11/22,0
2012/11/22,0
2012/11/22,0
2012/11/22,0
2012/11/22,0
2012/11/22,0
2012/11/22,0
2012/11/23,0
2012/11/23,0
2012/11/23,0
2012/11/23,0
2012/11/23,0
2012/11/23,0
2012/11/23,0
2012/11/23,0
2012/11/23,0
2012/11/23,0
2012/11/23,0
2012/11/23,0
2012/11/23,0
2012/11/23,0
2012/11/23,0
2012/11/23,0
2012/11/23,0
2012/11/23,0
2012/11/23,0
2012/11/23,0
2012/11/23,0
2012/11/23,0
2012/11/23,0
2012/11/23,0
2012/11/24,0
2012/11/24,0
2012/11/24,0
2012/11/24,0
2012/11/24,0
2012/11/24,0
2012/11/24,0
2012/11/24,0
2012/11/24,0
2012/11/24,0
2012/11/24,0
2012/11/24,0
2012/11/24,0
2012/11/24,0
2012/11/24,0
2012/11/24,0
2012/11/24,0
2012/11/24,0
2012/11/24,0
2012/11/24,0
2012/11/24,0
2012/11/24,0
2012/11/24,0
2012/11/24,0
2012/11/25,0
2012/11/25,0
2012/11/25,0
2012/11/25,0
2012/11/25,0
2012/11/25,0
2012/11/25,0
2012/11/25,0
2012/11/25,0
2012/11/25,0
2012/11/25,0
2012/11/25,0
2012/11/25,0
2012/11/25,0
2012/11/25,0
2012/11/25,0
2012/11/25,0
2012/11/25,0
2012/11/25,0
2012/11/25,0
2012/11/25,0
2012/11/25,0
2012/11/25,0
2012/11/25,0
2012/11/26,0
2012/11/26,0
2012/11/26,0
2012/11/26,0
2012/11/26,0
2012/11/26,0
2012/11/26,0
2012/11/26,0
2012/11/26,0
2012/11/26,0
2012/11/26,0
2012/11/26,0
2012/11/26,0
2012/11/26,0
2012/11/26,0
2012/11/26,0
2012/11/26,0
2012/11/26,0
2012/11/26,0
2012/11/26,0
2012/11/26,0
2012/11/26,0
2012/11/26,0
2012/11/26,0
2012/11/27,0
2012/11/27,0
2012/11/27,0
2012/11/27,0
2012/11/27,0
2012/11/27,0
2012/11/27,0
2012/11/27,0
2012/11/27,0
2012/11/27,0
2012/11/27,0
2012/11/27,0
2012/11/27,0
2012/11/27,0
2012/11/27,0
2012/11/27,0
2012/11/27,0
2012/11/27,0
2012/11/27,0
2012/11/27,0
2012/11/27,0
2012/11/27,0
2012/11/27,0
2012/11/27,0
2012/11/28,0
2012/11/28,0
2012/11/28,0
2012/11/28,0
2012/11/28,0
2012/11/28,0
2012/11/28,0
2012/11/28,0
2012/11/28,0
2012/11/28,0
2012/11/28,0
2012/11/28,0
2012/11/28,0
2012/11/28,0
2012/11/28,0
2012/11/28,0
2012/11/28,0
2012/11/28,0
2012/11/28,0
2012/11/28,0
2012/11/28,0
2012/11/28,0
2012/11/28,0
2012/11/28,0
2012/11/29,0
2012/11/29,0
2012/11/29,0
2012/11/29,0
2012/11/29,0
2012/11/29,0
2012/11/29,0
2012/11/29,0
2012/11/29,0
2012/11/29,0
2012/11/29,0
2012/11/29,0
2012/11/29,0
2012/11/29,0
2012/11/29,0
2012/11/29,0
2012/11/29,0
2012/11/29,0
2012/11/29,0
2012/11/29,0
2012/11/29,0
2012/11/29,0
2012/11/29,0
2012/11/30,0
2012/11/30,0
2012/11/30,0
2012/11/30,0
2012/11/30,0
2012/11/30,0
2012/11/30,0
2012/11/30,0
2012/11/30,0
2012/11/30,0
2012/11/30,0
2012/11/30,0
2012/11/30,0
2012/11/30,0
2012/11/30,0
2012/11/30,0
2012/11/30,0
2012/11/30,0
2012/11/30,0
2012/11/30,0
2012/11/30,0
2012/11/30,0
2012/11/30,0
2012/11/30,0
2012/12/20,0
2012/12/20,0
2012/12/20,0
2012/12/20,0
2012/12/20,0
2012/12/20,0
2012/12/20,0
2012/12/20,0
2012/12/20,0
2012/12/20,0
2012/12/20,0
2012/12/20,0
2012/12/20,0
2012/12/20,0
2012/12/20,0
2012/12/20,0
2012/12/20,0
2012/12/20,0
2012/12/20,0
2012/12/20,0
2012/12/20,0
2012/12/20,0
2012/12/20,0
2012/12/20,0
2012/12/21,0
2012/12/21,0
2012/12/21,0
2012/12/21,0
2012/12/21,0
2012/12/21,0
2012/12/21,0
2012/12/21,0
2012/12/21,0
2012/12/21,0
2012/12/21,0
2012/12/21,0
2012/12/21,0
2012/12/21,0
2012/12/21,0
2012/12/21,0
2012/12/21,0
2012/12/21,0
2012/12/21,0
2012/12/21,0
2012/12/21,0
2012/12/21,0
2012/12/21,0
2012/12/21,0
2012/12/22,0
2012/12/22,0
2012/12/22,0
2012/12/22,0
2012/12/22,0
2012/12/22,0
2012/12/22,0
2012/12/22,0
2012/12/22,0
2012/12/22,0
2012/12/22,0
2012/12/22,0
2012/12/22,0
2012/12/22,0
2012/12/22,0
2012/12/22,0
2012/12/22,0
2012/12/22,0
2012/12/22,0
2012/12/22,0
2012/12/22,0
2012/12/22,0
2012/12/22,0
2012/12/22,0
2012/12/23,0
2012/12/23,0
2012/12/23,0
2012/12/23,0
2012/12/23,0
2012/12/23,0
2012/12/23,0
2012/12/23,0
2012/12/23,0
2012/12/23,0
2012/12/23,0
2012/12/23,0
2012/12/23,0
2012/12/23,0
2012/12/23,0
2012/12/23,0
2012/12/23,0
2012/12/23,0
2012/12/23,0
2012/12/23,0
2012/12/23,0
2012/12/23,0
2012/12/23,0
2012/12/23,0
2012/12/24,0
2012/12/24,0
2012/12/24,0
2012/12/24,0
2012/12/24,0
2012/12/24,0
2012/12/24,0
2012/12/24,0
2012/12/24,0
2012/12/24,0
2012/12/24,0
2012/12/24,0
2012/12/24,0
2012/12/24,0
2012/12/24,0
2012/12/24,0
2012/12/24,0
2012/12/24,0
2012/12/24,0
2012/12/24,0
2012/12/24,0
2012/12/24,0
2012/12/24,0
2012/12/25,0
2012/12/25,0
2012/12/25,0
2012/12/25,0
2012/12/25,0
2012/12/25,0
2012/12/25,0
2012/12/25,0
2012/12/25,0
2012/12/25,0
2012/12/25,0
2012/12/25,0
2012/12/25,0
2012/12/25,0
2012/12/25,0
2012/12/25,0
2012/12/25,0
2012/12/25,0
2012/12/25,0
2012/12/25,0
2012/12/25,0
2012/12/25,0
2012/12/25,0
2012/12/26,0
2012/12/26,0
2012/12/26,0
2012/12/26,0
2012/12/26,0
2012/12/26,0
2012/12/26,0
2012/12/26,0
2012/12/26,0
2012/12/26,0
2012/12/26,0
2012/12/26,0
2012/12/26,0
2012/12/26,0
2012/12/26,0
2012/12/26,0
2012/12/26,0
2012/12/26,0
2012/12/26,0
2012/12/26,0
2012/12/26,0
2012/12/26,0
2012/12/26,0
2012/12/26,0
2012/12/27,0
2012/12/27,0
2012/12/27,0
2012/12/27,0
2012/12/27,0
2012/12/27,0
2012/12/27,0
2012/12/27,0
2012/12/27,0
2012/12/27,0
2012/12/27,0
2012/12/27,0
2012/12/27,0
2012/12/27,0
2012/12/27,0
2012/12/27,0
2012/12/27,0
2012/12/27,0
2012/12/27,0
2012/12/27,0
2012/12/27,0
2012/12/27,0
2012/12/27,0
2012/12/27,0
2012/12/28,0
2012/12/28,0
2012/12/28,0
2012/12/28,0
2012/12/28,0
2012/12/28,0
2012/12/28,0
2012/12/28,0
2012/12/28,0
2012/12/28,0
2012/12/28,0
2012/12/28,0
2012/12/28,0
2012/12/28,0
2012/12/28,0
2012/12/28,0
2012/12/28,0
2012/12/28,0
2012/12/28,0
2012/12/28,0
2012/12/28,0
2012/12/28,0
2012/12/28,0
2012/12/28,0
2012/12/29,0
2012/12/29,0
2012/12/29,0
2012/12/29,0
2012/12/29,0
2012/12/29,0
2012/12/29,0
2012/12/29,0
2012/12/29,0
2012/12/29,0
2012/12/29,0
2012/12/29,0
2012/12/29,0
2012/12/29,0
2012/12/29,0
2012/12/29,0
2012/12/29,0
2012/12/29,0
2012/12/29,0
2012/12/29,0
2012/12/29,0
2012/12/29,0
2012/12/29,0
2012/12/29,0
2012/12/30,0
2012/12/30,0
2012/12/30,0
2012/12/30,0
2012/12/30,0
2012/12/30,0
2012/12/30,0
2012/12/30,0
2012/12/30,0
2012/12/30,0
2012/12/30,0
2012/12/30,0
2012/12/30,0
2012/12/30,0
2012/12/30,0
2012/12/30,0
2012/12/30,0
2012/12/30,0
2012/12/30,0
2012/12/30,0
2012/12/30,0
2012/12/30,0
2012/12/30,0
2012/12/30,0
2012/12/31,0
2012/12/31,0
2012/12/31,0
2012/12/31,0
2012/12/31,0
2012/12/31,0
2012/12/31,0
2012/12/31,0
2012/12/31,0
2012/12/31,0
2012/12/31,0
2012/12/31,0
2012/12/31,0
2012/12/31,0
2012/12/31,0
2012/12/31,0
2012/12/31,0
2012/12/31,0
2012/12/31,0
2012/12/31,0
2012/12/31,0
2012/12/31,0
2012/12/31,0
2012/12/31,0
